-- База данных для сервиса по поиску гидов и бронирования их экскурсий

DROP DATABASE IF EXISTS gid_services;
CREATE DATABASE gid_services;
USE gid_services;

-- ФОТО
DROP TABLE IF EXISTS photo;
CREATE TABLE photo (
	id SERIAL PRIMARY KEY,
	name VARCHAR(200) NOT NULL
);

-- ВИДЕО
DROP TABLE IF EXISTS video;
CREATE TABLE video (
	id SERIAL PRIMARY KEY,
	name VARCHAR(200) NOT NULL
);

-- ГИДЫ
DROP TABLE IF EXISTS guids;
CREATE TABLE guids (
	id SERIAL PRIMARY KEY,
	registration_date datetime DEFAULT NOW(),
	first_name VARCHAR(50) NOT NULL,
	second_name VARCHAR(50) NOT NULL,
	login VARCHAR(50) NOT NULL,
	passwords VARCHAR(200) NOT NULL,
	email VARCHAR(200) NOT NULL,
	phone bigint unsigned NOT NULL,
	age bigint unsigned DEFAULT NULL,
	gender char(1) DEFAULT NULL,
	poto_id bigint unsigned NOT NULL,
	video_id bigint unsigned DEFAULT NULL,
	country VARCHAR(50) DEFAULT NULL,
	city VARCHAR(50) DEFAULT NULL,
	languages VARCHAR(500) DEFAULT NULL,
	text_about VARCHAR(1000) DEFAULT NULL,
	KEY `poto_id` (`poto_id`),
	KEY `video_id` (`video_id`),
	CONSTRAINT `guids_foreign_key_photo_id` FOREIGN KEY (`poto_id`) REFERENCES `photos` (`id`),
	CONSTRAINT `guids_foreign_key_video_id` FOREIGN KEY (`video_id`) REFERENCES `video` (`id`)
	ON DELETE RESTRICT
	ON UPDATE RESTRICT
);

-- ТУРИСТЫ
DROP TABLE IF EXISTS tourists;
CREATE TABLE tourists (
	id SERIAL PRIMARY KEY,
	registration_date datetime DEFAULT NOW(),
	first_name VARCHAR(50) NOT NULL,
	second_name VARCHAR(50) NOT NULL,
	login VARCHAR(50) NOT NULL,
	passwords VARCHAR(200) NOT NULL,
	email VARCHAR(200) NOT NULL,
	phone bigint unsigned NOT NULL,
	age bigint unsigned DEFAULT NULL,
	gender char(1) DEFAULT NULL,
	poto_id bigint unsigned NOT NULL,
	country VARCHAR(50) DEFAULT NULL,
	city VARCHAR(50) DEFAULT NULL,
	languages VARCHAR(500) DEFAULT NULL,
	what_to_want VARCHAR(1000) DEFAULT NULL COMMENT 'Какой тип отдыха предпочитает',
	KEY `poto_id` (`poto_id`),
	CONSTRAINT `tourist_foreign_key_photo_id` FOREIGN KEY (`poto_id`) REFERENCES `photos` (`id`),
	ON DELETE RESTRICT
	ON UPDATE RESTRICT
);

-- ЭКСКУРСИИ
DROP TABLE IF EXISTS excursion;
CREATE TABLE excursion (
	id SERIAL PRIMARY KEY,
	create_date datetime DEFAULT NOW(),
	name VARCHAR(200) NOT NULL,
	country VARCHAR(50) NOT NULL,
	city VARCHAR(50) NOT NULL,
	guid_id bigint unsigned NOT NULL,
	poto_id bigint unsigned NOT NULL,
	video_id bigint unsigned DEFAULT NULL,
	text_about VARCHAR(1000) NOT NULL,
	duration_min bigint unsigned NOT NULL COMMENT 'Длительность в минутах',
	type_going VARCHAR(100) NOT NULL COMMENT 'Как проходит: пешком или нет',
	pepeople_count bigint(3) unsigned NOT NULL COMMENT 'На сколько человек рассчитана',
	type_individual VARCHAR(50) NOT NULL COMMENT 'Индивидуальная экскурсия или нет',
	price_for_one_people bigint unsigned NOT NULL COMMENT 'Цена на одного человека',
	sale_amount FLOAT unsigned DEFAULT NULL COMMENT 'Скидка',
	price_with_sale bigint unsigned DEFAULT NULL COMMENT 'Цена со скидкой',
	price_date_start date DEFAULT NULL COMMENT 'Дата начала скидки',
	price_date_finish date DEFAULT NULL COMMENT 'Дата окончания скидки',
	KEY `guid_id` (`guid_id`),
	KEY `poto_id` (`poto_id`),
	KEY `video_id` (`video_id`),
	CONSTRAINT `excursion_foreign_key_guid_id` FOREIGN KEY (`guid_id`) REFERENCES `guids` (`id`),
	CONSTRAINT `excursion_foreign_key_photo_id` FOREIGN KEY (`poto_id`) REFERENCES `photos` (`id`),
	CONSTRAINT `excursion_foreign_key_video_id` FOREIGN KEY (`video_id`) REFERENCES `video` (`id`),
	ON DELETE RESTRICT
	ON UPDATE RESTRICT
);

-- ДОПОЛНИТЕЛЬНЫЕ РАСХОДЫ
DROP TABLE IF EXISTS additional_costs;
CREATE TABLE additional_costs (
	id SERIAL PRIMARY KEY,
	excursion_id bigint unsigned NOT NULL,
	cost_name VARCHAR(50) NOT NULL COMMENT 'Название расхода',
	cost_price bigint unsigned NOT NULL COMMENT 'Сумма расхода',
	KEY `excursion_id` (`excursion_id`),
	CONSTRAINT `add_costs_foreign_key_excursion_id` FOREIGN KEY (`excursion_id`) REFERENCES `excursion` (`id`)
	ON DELETE RESTRICT
	ON UPDATE RESTRICT
);
	
-- БРОНИРОВАНИЯ
DROP TABLE IF EXISTS reservations;
CREATE TABLE reservations (
	id SERIAL PRIMARY KEY,
	create_date datetime DEFAULT NOW(),
	guid_id bigint unsigned NOT NULL,
	tourist_id bigint unsigned NOT NULL,
	excursion_id bigint unsigned NOT NULL,
	status bool NOT NULL COMMENT 'Активна бронь или нет',
	end_reservation date NOT NULL COMMENT 'Дата окончания брони',
	life_duration bigint (2) NOT NULL COMMENT 'Срок жизни брони в днях',
	upfront_payment bigint unsigned DEFAULT NULL COMMENT 'Сумма предоплаты',
	KEY `guid_id` (`guid_id`),
	KEY `tourist_id` (`tourist_id`),
	KEY `excursion_id` (`excursion_id`),
	CONSTRAINT `reserv_foreign_key_guid_id` FOREIGN KEY (`guid_id`) REFERENCES `guids` (`id`),
	CONSTRAINT `reserv_foreign_key_tourist_id` FOREIGN KEY (`tourist_id`) REFERENCES `tourists` (`id`),
	CONSTRAINT `reserv_foreign_key_excursion_id` FOREIGN KEY (`excursion_id`) REFERENCES `excursion` (`id`)
	ON DELETE RESTRICT
	ON UPDATE RESTRICT
);

-- ЗАКАЗЫ
DROP TABLE IF EXISTS orders;
CREATE TABLE orders (
	id SERIAL PRIMARY KEY,
	create_date datetime DEFAULT NOW(),	
	guid_id bigint unsigned NOT NULL,
	tourist_id bigint unsigned NOT NULL,
	excursion_id bigint unsigned NOT NULL,
	reserv_id bigint unsigned DEFAULT NULL COMMENT 'ID брони, если была',
	status bool NOT NULL COMMENT 'Активен заказа или исполнен',
	orders_price bigint unsigned NOT NULL COMMENT 'Сумма заказа',
	pay_amount bigint unsigned NOT NULL COMMENT 'Сумма оплаты',
	KEY `guid_id` (`guid_id`),
	KEY `tourist_id` (`tourist_id`),
	KEY `excursion_id` (`excursion_id`),
	KEY `reserv_id` (`reserv_id`),
	CONSTRAINT `orders_foreign_key_guid_id` FOREIGN KEY (`guid_id`) REFERENCES `guids` (`id`),
	CONSTRAINT `orders_foreign_key_tourist_id` FOREIGN KEY (`tourist_id`) REFERENCES `tourists` (`id`),
	CONSTRAINT `orders_foreign_key_excursion_id` FOREIGN KEY (`excursion_id`) REFERENCES `excursion` (`id`),
	CONSTRAINT `orders_foreign_key_reserv_id` FOREIGN KEY (`reserv_id`) REFERENCES `reservations` (`id`)
	ON DELETE RESTRICT
	ON UPDATE RESTRICT
);

-- ОТЗЫВЫ
DROP TABLE IF EXISTS opinion;
CREATE TABLE opinion (
	id SERIAL PRIMARY KEY,
	create_date datetime DEFAULT NOW(),
	tourist_id bigint unsigned NOT NULL,
	excursion_id bigint unsigned NOT NULL,
	text_opinion VARCHAR(500) NOT NULL,
	rating bigint(10) unsigned NOT NULL,
	KEY `tourist_id` (`tourist_id`),
	KEY `excursion_id` (`excursion_id`),
	CONSTRAINT `opinion_foreign_key_tourist_id` FOREIGN KEY (`tourist_id`) REFERENCES `tourists` (`id`),
	CONSTRAINT `opinion_foreign_key_excursion_id` FOREIGN KEY (`excursion_id`) REFERENCES `excursion` (`id`)
	ON DELETE RESTRICT
	ON UPDATE RESTRICT
);


-- КАЛЕНДАРЬ
DROP TABLE IF EXISTS scedule;
CREATE TABLE scedule (
	scedule_date date NOT NULL,
	excursion_id bigint unsigned NOT NULL,
	free_place bigint unsigned NOT NULL COMMENT 'Свободные места на дату',
	KEY `excursion_id` (`excursion_id`),
	CONSTRAINT `scedule_foreign_key_excursion_id` FOREIGN KEY (`excursion_id`) REFERENCES `excursion` (`id`)
	ON DELETE RESTRICT
	ON UPDATE RESTRICT
);
	

INSERT INTO `video` (`id`, `name`) VALUES ('1', 'odit');
INSERT INTO `video` (`id`, `name`) VALUES ('2', 'maiores');
INSERT INTO `video` (`id`, `name`) VALUES ('3', 'laudantium');
INSERT INTO `video` (`id`, `name`) VALUES ('4', 'voluptatem');
INSERT INTO `video` (`id`, `name`) VALUES ('5', 'iure');
INSERT INTO `video` (`id`, `name`) VALUES ('6', 'rerum');
INSERT INTO `video` (`id`, `name`) VALUES ('7', 'dignissimos');
INSERT INTO `video` (`id`, `name`) VALUES ('8', 'voluptas');
INSERT INTO `video` (`id`, `name`) VALUES ('9', 'enim');
INSERT INTO `video` (`id`, `name`) VALUES ('10', 'possimus');
INSERT INTO `video` (`id`, `name`) VALUES ('11', 'sed');
INSERT INTO `video` (`id`, `name`) VALUES ('12', 'assumenda');
INSERT INTO `video` (`id`, `name`) VALUES ('13', 'delectus');
INSERT INTO `video` (`id`, `name`) VALUES ('14', 'qui');
INSERT INTO `video` (`id`, `name`) VALUES ('15', 'dolor');
INSERT INTO `video` (`id`, `name`) VALUES ('16', 'quisquam');
INSERT INTO `video` (`id`, `name`) VALUES ('17', 'excepturi');
INSERT INTO `video` (`id`, `name`) VALUES ('18', 'et');
INSERT INTO `video` (`id`, `name`) VALUES ('19', 'quia');
INSERT INTO `video` (`id`, `name`) VALUES ('20', 'accusamus');
INSERT INTO `video` (`id`, `name`) VALUES ('21', 'aspernatur');
INSERT INTO `video` (`id`, `name`) VALUES ('22', 'culpa');
INSERT INTO `video` (`id`, `name`) VALUES ('23', 'quae');
INSERT INTO `video` (`id`, `name`) VALUES ('24', 'aliquam');
INSERT INTO `video` (`id`, `name`) VALUES ('25', 'aut');
INSERT INTO `video` (`id`, `name`) VALUES ('26', 'necessitatibus');
INSERT INTO `video` (`id`, `name`) VALUES ('27', 'aperiam');
INSERT INTO `video` (`id`, `name`) VALUES ('28', 'dolore');
INSERT INTO `video` (`id`, `name`) VALUES ('29', 'in');
INSERT INTO `video` (`id`, `name`) VALUES ('30', 'modi');
INSERT INTO `video` (`id`, `name`) VALUES ('31', 'inventore');
INSERT INTO `video` (`id`, `name`) VALUES ('32', 'libero');
INSERT INTO `video` (`id`, `name`) VALUES ('33', 'est');
INSERT INTO `video` (`id`, `name`) VALUES ('34', 'quo');
INSERT INTO `video` (`id`, `name`) VALUES ('35', 'doloribus');
INSERT INTO `video` (`id`, `name`) VALUES ('36', 'beatae');
INSERT INTO `video` (`id`, `name`) VALUES ('37', 'officia');
INSERT INTO `video` (`id`, `name`) VALUES ('38', 'ut');
INSERT INTO `video` (`id`, `name`) VALUES ('39', 'consequatur');
INSERT INTO `video` (`id`, `name`) VALUES ('40', 'magni');
INSERT INTO `video` (`id`, `name`) VALUES ('41', 'quis');
INSERT INTO `video` (`id`, `name`) VALUES ('42', 'non');
INSERT INTO `video` (`id`, `name`) VALUES ('43', 'deleniti');
INSERT INTO `video` (`id`, `name`) VALUES ('44', 'facere');
INSERT INTO `video` (`id`, `name`) VALUES ('45', 'neque');
INSERT INTO `video` (`id`, `name`) VALUES ('46', 'sequi');
INSERT INTO `video` (`id`, `name`) VALUES ('47', 'omnis');
INSERT INTO `video` (`id`, `name`) VALUES ('48', 'voluptates');
INSERT INTO `video` (`id`, `name`) VALUES ('49', 'laboriosam');
INSERT INTO `video` (`id`, `name`) VALUES ('50', 'cumque');
INSERT INTO `video` (`id`, `name`) VALUES ('51', 'repellendus');
INSERT INTO `video` (`id`, `name`) VALUES ('52', 'ab');
INSERT INTO `video` (`id`, `name`) VALUES ('53', 'occaecati');
INSERT INTO `video` (`id`, `name`) VALUES ('54', 'voluptatum');
INSERT INTO `video` (`id`, `name`) VALUES ('55', 'illum');
INSERT INTO `video` (`id`, `name`) VALUES ('56', 'ad');
INSERT INTO `video` (`id`, `name`) VALUES ('57', 'dicta');
INSERT INTO `video` (`id`, `name`) VALUES ('58', 'dolores');
INSERT INTO `video` (`id`, `name`) VALUES ('59', 'natus');
INSERT INTO `video` (`id`, `name`) VALUES ('60', 'placeat');
INSERT INTO `video` (`id`, `name`) VALUES ('61', 'temporibus');
INSERT INTO `video` (`id`, `name`) VALUES ('62', 'quasi');
INSERT INTO `video` (`id`, `name`) VALUES ('63', 'pariatur');
INSERT INTO `video` (`id`, `name`) VALUES ('64', 'quam');
INSERT INTO `video` (`id`, `name`) VALUES ('65', 'sit');
INSERT INTO `video` (`id`, `name`) VALUES ('66', 'labore');
INSERT INTO `video` (`id`, `name`) VALUES ('67', 'itaque');
INSERT INTO `video` (`id`, `name`) VALUES ('68', 'quidem');
INSERT INTO `video` (`id`, `name`) VALUES ('69', 'odio');
INSERT INTO `video` (`id`, `name`) VALUES ('70', 'molestiae');
INSERT INTO `video` (`id`, `name`) VALUES ('71', 'tenetur');
INSERT INTO `video` (`id`, `name`) VALUES ('72', 'adipisci');
INSERT INTO `video` (`id`, `name`) VALUES ('73', 'distinctio');
INSERT INTO `video` (`id`, `name`) VALUES ('74', 'commodi');
INSERT INTO `video` (`id`, `name`) VALUES ('75', 'vel');
INSERT INTO `video` (`id`, `name`) VALUES ('76', 'quas');
INSERT INTO `video` (`id`, `name`) VALUES ('77', 'quos');
INSERT INTO `video` (`id`, `name`) VALUES ('78', 'hic');
INSERT INTO `video` (`id`, `name`) VALUES ('79', 'incidunt');
INSERT INTO `video` (`id`, `name`) VALUES ('80', 'sapiente');
INSERT INTO `video` (`id`, `name`) VALUES ('81', 'saepe');
INSERT INTO `video` (`id`, `name`) VALUES ('82', 'consequuntur');
INSERT INTO `video` (`id`, `name`) VALUES ('83', 'molestias');
INSERT INTO `video` (`id`, `name`) VALUES ('84', 'cupiditate');
INSERT INTO `video` (`id`, `name`) VALUES ('85', 'officiis');
INSERT INTO `video` (`id`, `name`) VALUES ('86', 'architecto');
INSERT INTO `video` (`id`, `name`) VALUES ('87', 'deserunt');
INSERT INTO `video` (`id`, `name`) VALUES ('88', 'animi');
INSERT INTO `video` (`id`, `name`) VALUES ('89', 'nulla');
INSERT INTO `video` (`id`, `name`) VALUES ('90', 'nihil');
INSERT INTO `video` (`id`, `name`) VALUES ('91', 'sunt');
INSERT INTO `video` (`id`, `name`) VALUES ('92', 'veritatis');
INSERT INTO `video` (`id`, `name`) VALUES ('93', 'cum');
INSERT INTO `video` (`id`, `name`) VALUES ('94', 'impedit');
INSERT INTO `video` (`id`, `name`) VALUES ('95', 'dolorem');
INSERT INTO `video` (`id`, `name`) VALUES ('96', 'error');
INSERT INTO `video` (`id`, `name`) VALUES ('97', 'magnam');
INSERT INTO `video` (`id`, `name`) VALUES ('98', 'quaerat');
INSERT INTO `video` (`id`, `name`) VALUES ('99', 'repellat');
INSERT INTO `video` (`id`, `name`) VALUES ('100', 'numquam');

INSERT INTO `photos` (`id`, `name`) VALUES ('1', 'dolor');
INSERT INTO `photos` (`id`, `name`) VALUES ('2', 'pariatur');
INSERT INTO `photos` (`id`, `name`) VALUES ('3', 'libero');
INSERT INTO `photos` (`id`, `name`) VALUES ('4', 'unde');
INSERT INTO `photos` (`id`, `name`) VALUES ('5', 'iusto');
INSERT INTO `photos` (`id`, `name`) VALUES ('6', 'velit');
INSERT INTO `photos` (`id`, `name`) VALUES ('7', 'itaque');
INSERT INTO `photos` (`id`, `name`) VALUES ('8', 'rerum');
INSERT INTO `photos` (`id`, `name`) VALUES ('9', 'eaque');
INSERT INTO `photos` (`id`, `name`) VALUES ('10', 'earum');
INSERT INTO `photos` (`id`, `name`) VALUES ('11', 'numquam');
INSERT INTO `photos` (`id`, `name`) VALUES ('12', 'error');
INSERT INTO `photos` (`id`, `name`) VALUES ('13', 'dolores');
INSERT INTO `photos` (`id`, `name`) VALUES ('14', 'deleniti');
INSERT INTO `photos` (`id`, `name`) VALUES ('15', 'ut');
INSERT INTO `photos` (`id`, `name`) VALUES ('16', 'et');
INSERT INTO `photos` (`id`, `name`) VALUES ('17', 'eius');
INSERT INTO `photos` (`id`, `name`) VALUES ('18', 'corrupti');
INSERT INTO `photos` (`id`, `name`) VALUES ('19', 'incidunt');
INSERT INTO `photos` (`id`, `name`) VALUES ('20', 'maxime');
INSERT INTO `photos` (`id`, `name`) VALUES ('21', 'quis');
INSERT INTO `photos` (`id`, `name`) VALUES ('22', 'dolore');
INSERT INTO `photos` (`id`, `name`) VALUES ('23', 'impedit');
INSERT INTO `photos` (`id`, `name`) VALUES ('24', 'laudantium');
INSERT INTO `photos` (`id`, `name`) VALUES ('25', 'corporis');
INSERT INTO `photos` (`id`, `name`) VALUES ('26', 'quae');
INSERT INTO `photos` (`id`, `name`) VALUES ('27', 'nihil');
INSERT INTO `photos` (`id`, `name`) VALUES ('28', 'beatae');
INSERT INTO `photos` (`id`, `name`) VALUES ('29', 'ullam');
INSERT INTO `photos` (`id`, `name`) VALUES ('30', 'porro');
INSERT INTO `photos` (`id`, `name`) VALUES ('31', 'doloribus');
INSERT INTO `photos` (`id`, `name`) VALUES ('32', 'animi');
INSERT INTO `photos` (`id`, `name`) VALUES ('33', 'a');
INSERT INTO `photos` (`id`, `name`) VALUES ('34', 'provident');
INSERT INTO `photos` (`id`, `name`) VALUES ('35', 'voluptatem');
INSERT INTO `photos` (`id`, `name`) VALUES ('36', 'fugit');
INSERT INTO `photos` (`id`, `name`) VALUES ('37', 'reprehenderit');
INSERT INTO `photos` (`id`, `name`) VALUES ('38', 'facilis');
INSERT INTO `photos` (`id`, `name`) VALUES ('39', 'quibusdam');
INSERT INTO `photos` (`id`, `name`) VALUES ('40', 'tenetur');
INSERT INTO `photos` (`id`, `name`) VALUES ('41', 'sit');
INSERT INTO `photos` (`id`, `name`) VALUES ('42', 'officia');
INSERT INTO `photos` (`id`, `name`) VALUES ('43', 'consectetur');
INSERT INTO `photos` (`id`, `name`) VALUES ('44', 'nisi');
INSERT INTO `photos` (`id`, `name`) VALUES ('45', 'placeat');
INSERT INTO `photos` (`id`, `name`) VALUES ('46', 'non');
INSERT INTO `photos` (`id`, `name`) VALUES ('47', 'alias');
INSERT INTO `photos` (`id`, `name`) VALUES ('48', 'est');
INSERT INTO `photos` (`id`, `name`) VALUES ('49', 'in');
INSERT INTO `photos` (`id`, `name`) VALUES ('50', 'consequatur');
INSERT INTO `photos` (`id`, `name`) VALUES ('51', 'autem');
INSERT INTO `photos` (`id`, `name`) VALUES ('52', 'aut');
INSERT INTO `photos` (`id`, `name`) VALUES ('53', 'quia');
INSERT INTO `photos` (`id`, `name`) VALUES ('54', 'delectus');
INSERT INTO `photos` (`id`, `name`) VALUES ('55', 'quas');
INSERT INTO `photos` (`id`, `name`) VALUES ('56', 'reiciendis');
INSERT INTO `photos` (`id`, `name`) VALUES ('57', 'recusandae');
INSERT INTO `photos` (`id`, `name`) VALUES ('58', 'odit');
INSERT INTO `photos` (`id`, `name`) VALUES ('59', 'enim');
INSERT INTO `photos` (`id`, `name`) VALUES ('60', 'mollitia');
INSERT INTO `photos` (`id`, `name`) VALUES ('61', 'ducimus');
INSERT INTO `photos` (`id`, `name`) VALUES ('62', 'aperiam');
INSERT INTO `photos` (`id`, `name`) VALUES ('63', 'eveniet');
INSERT INTO `photos` (`id`, `name`) VALUES ('64', 'maiores');
INSERT INTO `photos` (`id`, `name`) VALUES ('65', 'facere');
INSERT INTO `photos` (`id`, `name`) VALUES ('66', 'debitis');
INSERT INTO `photos` (`id`, `name`) VALUES ('67', 'neque');
INSERT INTO `photos` (`id`, `name`) VALUES ('68', 'ipsum');
INSERT INTO `photos` (`id`, `name`) VALUES ('69', 'optio');
INSERT INTO `photos` (`id`, `name`) VALUES ('70', 'aliquid');
INSERT INTO `photos` (`id`, `name`) VALUES ('71', 'cumque');
INSERT INTO `photos` (`id`, `name`) VALUES ('72', 'soluta');
INSERT INTO `photos` (`id`, `name`) VALUES ('73', 'nesciunt');
INSERT INTO `photos` (`id`, `name`) VALUES ('74', 'qui');
INSERT INTO `photos` (`id`, `name`) VALUES ('75', 'ea');
INSERT INTO `photos` (`id`, `name`) VALUES ('76', 'occaecati');
INSERT INTO `photos` (`id`, `name`) VALUES ('77', 'quisquam');
INSERT INTO `photos` (`id`, `name`) VALUES ('78', 'sunt');
INSERT INTO `photos` (`id`, `name`) VALUES ('79', 'possimus');
INSERT INTO `photos` (`id`, `name`) VALUES ('80', 'vel');
INSERT INTO `photos` (`id`, `name`) VALUES ('81', 'assumenda');
INSERT INTO `photos` (`id`, `name`) VALUES ('82', 'vitae');
INSERT INTO `photos` (`id`, `name`) VALUES ('83', 'accusantium');
INSERT INTO `photos` (`id`, `name`) VALUES ('84', 'omnis');
INSERT INTO `photos` (`id`, `name`) VALUES ('85', 'inventore');
INSERT INTO `photos` (`id`, `name`) VALUES ('86', 'ipsa');
INSERT INTO `photos` (`id`, `name`) VALUES ('87', 'harum');
INSERT INTO `photos` (`id`, `name`) VALUES ('88', 'sint');
INSERT INTO `photos` (`id`, `name`) VALUES ('89', 'voluptatibus');
INSERT INTO `photos` (`id`, `name`) VALUES ('90', 'perferendis');
INSERT INTO `photos` (`id`, `name`) VALUES ('91', 'magni');
INSERT INTO `photos` (`id`, `name`) VALUES ('92', 'adipisci');
INSERT INTO `photos` (`id`, `name`) VALUES ('93', 'dicta');
INSERT INTO `photos` (`id`, `name`) VALUES ('94', 'voluptates');
INSERT INTO `photos` (`id`, `name`) VALUES ('95', 'dignissimos');
INSERT INTO `photos` (`id`, `name`) VALUES ('96', 'magnam');
INSERT INTO `photos` (`id`, `name`) VALUES ('97', 'sapiente');
INSERT INTO `photos` (`id`, `name`) VALUES ('98', 'cupiditate');
INSERT INTO `photos` (`id`, `name`) VALUES ('99', 'praesentium');
INSERT INTO `photos` (`id`, `name`) VALUES ('100', 'fugiat');



INSERT INTO `guids` (`id`, `registration_date`, `first_name`, `second_name`, `login`, `passwords`, `email`, `phone`, `age`, `gender`, `poto_id`, `video_id`, `country`, `city`, `languages`, `text_about`) VALUES ('1', '1972-01-08 05:46:15', 'Hallie', 'Leola', 'est', 'e79800b7d3922e0565c39e3fbfe708c54d996238', 'ortiz.lucy@example.org', '842690', '0', 'D', '1', '1', 'Croatia', 'East Kellyville', 'en', 'Asperiores dolor et perferendis ea et aut sed. Provident omnis voluptate nobis voluptatem vel et ipsa. Maiores soluta eveniet doloremque rerum quis accusantium. Est tempora suscipit inventore.');
INSERT INTO `guids` (`id`, `registration_date`, `first_name`, `second_name`, `login`, `passwords`, `email`, `phone`, `age`, `gender`, `poto_id`, `video_id`, `country`, `city`, `languages`, `text_about`) VALUES ('2', '1978-08-16 20:58:47', 'Cullen', 'Gerda', 'aut', '40404b90fa5d498a73f52754840043d01c850324', 'rosemary.hills@example.net', '767', '42254', 'D', '2', '2', 'South Africa', 'Graysonville', 'fr', 'Ut similique aliquid voluptatem aperiam quasi repellat. Natus blanditiis et est rem eligendi. Sapiente repudiandae facilis quasi consequatur.');
INSERT INTO `guids` (`id`, `registration_date`, `first_name`, `second_name`, `login`, `passwords`, `email`, `phone`, `age`, `gender`, `poto_id`, `video_id`, `country`, `city`, `languages`, `text_about`) VALUES ('3', '1999-09-28 20:45:46', 'Pansy', 'Preston', 'ut', 'e8e9b9b54677138e3cc8c5c82550706012367dfb', 'welch.darion@example.net', '139', '83', 'M', '3', '3', 'Angola', 'Macyhaven', 'de', 'Totam saepe ipsa ea itaque odio. Dolorum aut minima illo optio itaque laboriosam.');
INSERT INTO `guids` (`id`, `registration_date`, `first_name`, `second_name`, `login`, `passwords`, `email`, `phone`, `age`, `gender`, `poto_id`, `video_id`, `country`, `city`, `languages`, `text_about`) VALUES ('4', '2007-04-10 08:03:02', 'Felipa', 'Susan', 'dolorem', '76cff9edc7baddd32dded4eded151f88c5f88da8', 'ernser.trey@example.com', '597', '90', 'P', '4', '4', 'Falkland Islands (Malvinas)', 'Eladioville', 'en', 'Harum et quia placeat non eos asperiores eum. Mollitia ullam tempora quia sint. Maiores inventore ut ratione iure voluptas iste quasi. Facilis vero quia necessitatibus facilis beatae.');
INSERT INTO `guids` (`id`, `registration_date`, `first_name`, `second_name`, `login`, `passwords`, `email`, `phone`, `age`, `gender`, `poto_id`, `video_id`, `country`, `city`, `languages`, `text_about`) VALUES ('5', '1999-08-29 21:27:54', 'Orville', 'Elnora', 'quia', 'a1cc80b03ab91fd1d929acb141ea14db323f328f', 'xweimann@example.com', '1', '101372', 'P', '5', '5', 'Christmas Island', 'South Clair', 'de', 'Quidem provident dolorem saepe et. Aliquam amet nisi itaque. Cupiditate sit iusto quia enim.\nVitae quae quidem laudantium asperiores earum. Ipsam hic in consectetur fuga. Expedita at cum iure sed.');
INSERT INTO `guids` (`id`, `registration_date`, `first_name`, `second_name`, `login`, `passwords`, `email`, `phone`, `age`, `gender`, `poto_id`, `video_id`, `country`, `city`, `languages`, `text_about`) VALUES ('6', '2018-06-24 11:03:12', 'Jaren', 'Ashlynn', 'molestiae', '97ccaca93819753d62adfb535ba5bc3b5dbc47f2', 'elfrieda.tromp@example.net', '0', '8', 'P', '6', '6', 'Guinea', 'North Miguel', 'en', 'Ex consequatur non dolor nam est accusamus. Placeat asperiores assumenda dignissimos tempore. Neque ea quae sit ipsam est praesentium. Possimus consequatur eos nesciunt voluptates voluptas.');
INSERT INTO `guids` (`id`, `registration_date`, `first_name`, `second_name`, `login`, `passwords`, `email`, `phone`, `age`, `gender`, `poto_id`, `video_id`, `country`, `city`, `languages`, `text_about`) VALUES ('7', '2014-02-21 10:07:52', 'Dudley', 'Marvin', 'id', '8c916c2e176923beaffb7238686dd5d3eb79e8d5', 'angeline24@example.org', '9488672032', '328634510', 'M', '7', '7', 'Equatorial Guinea', 'Lake Kailyn', 'fr', 'Doloremque omnis voluptas et. Corrupti enim quis voluptatem voluptates placeat rerum in non. Tempora veniam et aut voluptatem laborum beatae esse sequi.');
INSERT INTO `guids` (`id`, `registration_date`, `first_name`, `second_name`, `login`, `passwords`, `email`, `phone`, `age`, `gender`, `poto_id`, `video_id`, `country`, `city`, `languages`, `text_about`) VALUES ('8', '2003-10-23 06:09:08', 'Arnold', 'Asa', 'totam', '377386831f7b93a27ed1630ca1a7c0727872b76d', 'yhand@example.org', '67', '96501', 'D', '8', '8', 'Norfolk Island', 'Lake Jade', 'it', 'Blanditiis qui velit voluptatum sit. Non quia suscipit in. Sunt dolorem iure maiores porro velit.\nVero et officiis ad et fugit illum officiis. Ut provident cum quia minus ullam ullam.');
INSERT INTO `guids` (`id`, `registration_date`, `first_name`, `second_name`, `login`, `passwords`, `email`, `phone`, `age`, `gender`, `poto_id`, `video_id`, `country`, `city`, `languages`, `text_about`) VALUES ('9', '2016-12-18 09:53:57', 'Glennie', 'Janis', 'laudantium', 'd442db68bfe19b2ce7aa3081a66a51ee85eae6f8', 'schumm.brett@example.org', '336', '361', 'P', '9', '9', 'Finland', 'Port Roslyn', 'pt', 'Voluptatibus qui explicabo voluptatibus voluptas magni aut libero quibusdam. Eos ea voluptatem ut nihil porro similique nisi. Est ad eum similique esse cum quaerat nemo.');
INSERT INTO `guids` (`id`, `registration_date`, `first_name`, `second_name`, `login`, `passwords`, `email`, `phone`, `age`, `gender`, `poto_id`, `video_id`, `country`, `city`, `languages`, `text_about`) VALUES ('10', '2005-03-14 04:00:26', 'Monserrat', 'Merritt', 'sed', '596ea4c3ac728cdc6a5bd96e33d5742cb99ba45a', 'towne.marjory@example.net', '43', '84050', 'M', '10', '10', 'Netherlands Antilles', 'North Louisamouth', 'en', 'Architecto sit ea recusandae exercitationem distinctio ratione. Qui et vero fuga et adipisci quos aut. Id commodi velit hic consequatur.');
INSERT INTO `guids` (`id`, `registration_date`, `first_name`, `second_name`, `login`, `passwords`, `email`, `phone`, `age`, `gender`, `poto_id`, `video_id`, `country`, `city`, `languages`, `text_about`) VALUES ('11', '1994-01-11 15:27:49', 'Vivian', 'Jerald', 'dicta', '17b4b91eb27e81146052a48de0cd253c27bd177b', 'rwolff@example.com', '1', '1825', 'M', '11', '11', 'Wallis and Futuna', 'Brownbury', 'it', 'Aspernatur sit necessitatibus placeat qui quae. Qui facilis dolores magnam reiciendis saepe voluptatem. Quibusdam quod aut aut aut saepe aperiam. Aut quia voluptas assumenda ut deserunt.');
INSERT INTO `guids` (`id`, `registration_date`, `first_name`, `second_name`, `login`, `passwords`, `email`, `phone`, `age`, `gender`, `poto_id`, `video_id`, `country`, `city`, `languages`, `text_about`) VALUES ('12', '2008-10-05 04:49:53', 'Kadin', 'Camryn', 'molestias', '73e7f74b1a2ecef4c7b2a334d8c8bd7243c27a3d', 'msauer@example.org', '1', '917967', 'M', '12', '12', 'Tuvalu', 'West Arelyville', 'en', 'Reprehenderit autem et ea qui tempora quibusdam harum. Debitis quo tempore veniam ut. Qui ab qui aut et autem aspernatur dolor.');
INSERT INTO `guids` (`id`, `registration_date`, `first_name`, `second_name`, `login`, `passwords`, `email`, `phone`, `age`, `gender`, `poto_id`, `video_id`, `country`, `city`, `languages`, `text_about`) VALUES ('13', '1978-01-19 20:17:05', 'Frankie', 'Amie', 'et', 'c663d4606101a6f9f8ddc7979987d72ffbd3e9a1', 'schaden.maritza@example.org', '1', '78910235', 'P', '13', '13', 'Cayman Islands', 'North Marty', 'it', 'Aut unde doloremque voluptates rerum non ab dolor. Asperiores velit doloremque illum. Aut odio iusto quia aut dolores optio.');
INSERT INTO `guids` (`id`, `registration_date`, `first_name`, `second_name`, `login`, `passwords`, `email`, `phone`, `age`, `gender`, `poto_id`, `video_id`, `country`, `city`, `languages`, `text_about`) VALUES ('14', '1982-11-22 23:36:07', 'Ayana', 'Ruthe', 'maiores', 'dd683eca841824ac10c532d0ebd6cd0106bac2a7', 'hilario89@example.com', '175074', '89777982', 'P', '14', '14', 'New Caledonia', 'Lake Javier', 'pt', 'Quisquam ut fugiat fugiat magnam voluptas. Similique sed qui unde non cupiditate voluptate. Ducimus mollitia ducimus harum sed.');
INSERT INTO `guids` (`id`, `registration_date`, `first_name`, `second_name`, `login`, `passwords`, `email`, `phone`, `age`, `gender`, `poto_id`, `video_id`, `country`, `city`, `languages`, `text_about`) VALUES ('15', '2010-04-08 21:12:30', 'Nelson', 'Linnie', 'inventore', 'e25e0128d16d14b11dff9b7af64e139523c86f21', 'ryan.beatrice@example.net', '0', '8', 'P', '15', '15', 'Turks and Caicos Islands', 'Ladariusburgh', 'it', 'Consequatur voluptatibus velit exercitationem ea eligendi sed. Quo fuga et aliquam perferendis. Facere totam qui quia quo ullam quia inventore. Voluptatem nobis est possimus modi.');
INSERT INTO `guids` (`id`, `registration_date`, `first_name`, `second_name`, `login`, `passwords`, `email`, `phone`, `age`, `gender`, `poto_id`, `video_id`, `country`, `city`, `languages`, `text_about`) VALUES ('16', '1999-11-21 12:40:21', 'Dallin', 'Aisha', 'ut', '722e373fcfe30e21cad1b6c8b460c58fc0fd8cff', 'ledner.stephon@example.com', '3628488274', '24224573', 'M', '16', '16', 'Anguilla', 'Hillsberg', 'en', 'Eos alias praesentium quidem nam sequi. Voluptates vel repellendus quia sit. Quis provident qui doloribus magnam necessitatibus architecto. Iure quia ea mollitia nostrum.');
INSERT INTO `guids` (`id`, `registration_date`, `first_name`, `second_name`, `login`, `passwords`, `email`, `phone`, `age`, `gender`, `poto_id`, `video_id`, `country`, `city`, `languages`, `text_about`) VALUES ('17', '1979-09-09 14:57:04', 'Susie', 'Turner', 'necessitatibus', 'da8e8189b5b4bcbfb4d06c46bcea9649f3d44445', 'eflatley@example.org', '690168', '646043105', 'M', '17', '17', 'Niger', 'Port Cleoland', 'es', 'Quis eos iste et perferendis quia adipisci. Iure ipsa aut et consequatur. Recusandae ad ex sit ea ex rem.');
INSERT INTO `guids` (`id`, `registration_date`, `first_name`, `second_name`, `login`, `passwords`, `email`, `phone`, `age`, `gender`, `poto_id`, `video_id`, `country`, `city`, `languages`, `text_about`) VALUES ('18', '2008-09-04 19:48:35', 'Morton', 'Dillan', 'eum', '56c14561d842dc4044a59318099d78c26bf7d923', 'yryan@example.net', '1', '83', 'P', '18', '18', 'Costa Rica', 'Lake Blancaport', 'en', 'Deleniti cupiditate suscipit qui voluptatem. Eligendi architecto deserunt maiores cumque. Alias voluptas quia commodi nihil maiores molestiae minima.');
INSERT INTO `guids` (`id`, `registration_date`, `first_name`, `second_name`, `login`, `passwords`, `email`, `phone`, `age`, `gender`, `poto_id`, `video_id`, `country`, `city`, `languages`, `text_about`) VALUES ('19', '1970-03-20 18:19:58', 'Gregoria', 'Roman', 'et', 'b05e7c56753ee9e942d89f3c819ee7eef18c17f3', 'junius.murphy@example.com', '54696', '332', 'D', '19', '19', 'Isle of Man', 'Hilpertberg', 'es', 'Sequi velit ea vel voluptas itaque vel architecto. Quas explicabo aut error eos nulla ipsum et. Quis laudantium enim ducimus in.');
INSERT INTO `guids` (`id`, `registration_date`, `first_name`, `second_name`, `login`, `passwords`, `email`, `phone`, `age`, `gender`, `poto_id`, `video_id`, `country`, `city`, `languages`, `text_about`) VALUES ('20', '1982-12-03 17:06:20', 'Eriberto', 'Elliott', 'perspiciatis', '9b6418fef8bf53a0f9d84dc3c60a08c55ad8d49b', 'athena.hettinger@example.com', '0', '5', 'P', '20', '20', 'Benin', 'Legroston', 'ru', 'Repellendus voluptates saepe corporis similique laudantium. Dolorem iste consequatur corporis in sed ad repellat. Et facilis assumenda incidunt quia distinctio ea.');
INSERT INTO `guids` (`id`, `registration_date`, `first_name`, `second_name`, `login`, `passwords`, `email`, `phone`, `age`, `gender`, `poto_id`, `video_id`, `country`, `city`, `languages`, `text_about`) VALUES ('21', '2018-11-24 23:40:13', 'Jackeline', 'Maud', 'rerum', '38932659c552f3439c257608c2a385586158cbf1', 'shana03@example.net', '311148', '8597', 'P', '21', '21', 'Kazakhstan', 'Groverton', 'ru', 'Adipisci minus eos dolorem magni eaque consequatur ut. Modi quo voluptatem voluptates. Sed dicta tenetur aut laborum ipsam suscipit. Corporis in eos delectus aut dolor dolore.');
INSERT INTO `guids` (`id`, `registration_date`, `first_name`, `second_name`, `login`, `passwords`, `email`, `phone`, `age`, `gender`, `poto_id`, `video_id`, `country`, `city`, `languages`, `text_about`) VALUES ('22', '2009-08-11 23:04:01', 'Rachael', 'Cale', 'qui', '927ca36bb9cca6f9d423820ca8c4998352510ef5', 'hpaucek@example.org', '1', '54', 'M', '22', '22', 'Italy', 'Thompsonchester', 'en', 'Quisquam aspernatur beatae aut impedit illum cumque et. Nisi at corporis est pariatur voluptate. Qui ut est molestiae temporibus. Officiis quia eligendi exercitationem ut.');
INSERT INTO `guids` (`id`, `registration_date`, `first_name`, `second_name`, `login`, `passwords`, `email`, `phone`, `age`, `gender`, `poto_id`, `video_id`, `country`, `city`, `languages`, `text_about`) VALUES ('23', '2011-10-30 13:07:54', 'Olin', 'Cordie', 'et', '8bc66e0cfc95ce025a753a51eadc07d9dfd1f0ad', 'orland38@example.org', '1', '34', 'M', '23', '23', 'Saint Pierre and Miquelon', 'Trystanburgh', 'pt', 'In omnis dolorem aut officia qui velit enim magni. Ipsam voluptatem itaque doloribus neque.');
INSERT INTO `guids` (`id`, `registration_date`, `first_name`, `second_name`, `login`, `passwords`, `email`, `phone`, `age`, `gender`, `poto_id`, `video_id`, `country`, `city`, `languages`, `text_about`) VALUES ('24', '1996-08-20 09:14:35', 'Joanny', 'Alivia', 'voluptatem', 'a17800620a80916270c73bb5f621b65fec2469db', 'dooley.marjolaine@example.net', '123970', '634725', 'M', '24', '24', 'Bolivia', 'North Reytown', 'de', 'Doloribus cum cum et incidunt est. Sed unde adipisci est nihil. Ad et qui enim velit. Eveniet neque iure qui corrupti aut natus impedit quo.');
INSERT INTO `guids` (`id`, `registration_date`, `first_name`, `second_name`, `login`, `passwords`, `email`, `phone`, `age`, `gender`, `poto_id`, `video_id`, `country`, `city`, `languages`, `text_about`) VALUES ('25', '1978-02-08 16:13:21', 'Raymond', 'Linwood', 'debitis', 'aa210beaba376a6c5d9f0bc357dcb6d04886af90', 'mckenzie.bradly@example.com', '0', '93', 'M', '25', '25', 'British Virgin Islands', 'Lake Denisborough', 'ru', 'Enim ut est aut voluptatem dignissimos. Dolorem quod odit quis distinctio. Quibusdam aut veniam molestias labore.');
INSERT INTO `guids` (`id`, `registration_date`, `first_name`, `second_name`, `login`, `passwords`, `email`, `phone`, `age`, `gender`, `poto_id`, `video_id`, `country`, `city`, `languages`, `text_about`) VALUES ('26', '1998-08-02 15:35:47', 'Mercedes', 'Moses', 'tenetur', 'b29fac97383c44cb8f5402ae45547a9b7e925da5', 'tyrese68@example.com', '22', '42775554', 'M', '26', '26', 'Monaco', 'Lake Sophie', 'es', 'Voluptatem nemo ut illum est ut corrupti. Ut possimus vero nobis ad unde. Reiciendis ad ducimus laudantium voluptas autem.');
INSERT INTO `guids` (`id`, `registration_date`, `first_name`, `second_name`, `login`, `passwords`, `email`, `phone`, `age`, `gender`, `poto_id`, `video_id`, `country`, `city`, `languages`, `text_about`) VALUES ('27', '2001-08-16 13:56:59', 'Bobby', 'Lisa', 'debitis', 'fb6801cba8e615a8ff0cd5f2fdc73c3e806955ab', 'xpurdy@example.org', '1', '25', 'M', '27', '27', 'Burundi', 'East Patrick', 'es', 'Quibusdam est iste aliquam et dolores ea corporis. Voluptas consectetur esse quos voluptas sed doloremque. Consequatur minima quidem quis deserunt at. Nobis voluptate necessitatibus id quos.');
INSERT INTO `guids` (`id`, `registration_date`, `first_name`, `second_name`, `login`, `passwords`, `email`, `phone`, `age`, `gender`, `poto_id`, `video_id`, `country`, `city`, `languages`, `text_about`) VALUES ('28', '1977-07-27 07:09:58', 'Kathlyn', 'Lisette', 'temporibus', '0299e353b5b9cf3e8f33ddc5418826a1cb1aef26', 'pfannerstill.alyson@example.com', '0', '276650164', 'M', '28', '28', 'Honduras', 'Lake Gabriellebury', 'en', 'Ut sed est totam sit. Consectetur asperiores nemo nihil. Ducimus aut atque voluptate sunt. Enim eveniet voluptatem vitae quis tempora.');
INSERT INTO `guids` (`id`, `registration_date`, `first_name`, `second_name`, `login`, `passwords`, `email`, `phone`, `age`, `gender`, `poto_id`, `video_id`, `country`, `city`, `languages`, `text_about`) VALUES ('29', '2019-01-06 16:50:13', 'Carlo', 'Tressie', 'occaecati', '40215f43a1b11a629c34aa2137946df71cf9edae', 'darien89@example.net', '711640', '26', 'P', '29', '29', 'Guatemala', 'North Demarioburgh', 'ru', 'Tenetur ut culpa magni aut iure neque in eveniet. Nisi fugit in non et veniam corrupti voluptatibus voluptas. Quia ad iure sed et qui ut sint iste. Veniam aut dolor facere soluta delectus.');
INSERT INTO `guids` (`id`, `registration_date`, `first_name`, `second_name`, `login`, `passwords`, `email`, `phone`, `age`, `gender`, `poto_id`, `video_id`, `country`, `city`, `languages`, `text_about`) VALUES ('30', '1973-02-08 09:20:59', 'Gavin', 'Tatum', 'provident', '5e21cc251b2029938c16d36be3eea5220973483a', 'eliezer.stokes@example.net', '92', '0', 'P', '30', '30', 'South Africa', 'North Xander', 'it', 'Omnis officiis autem ipsam cumque provident voluptates id. Occaecati atque autem natus voluptatum numquam voluptatem. Iste facilis veniam consequatur voluptatum vel.');
INSERT INTO `guids` (`id`, `registration_date`, `first_name`, `second_name`, `login`, `passwords`, `email`, `phone`, `age`, `gender`, `poto_id`, `video_id`, `country`, `city`, `languages`, `text_about`) VALUES ('31', '2000-07-08 10:37:58', 'Georgette', 'Pete', 'eum', '9c56b9012035cc9cae68d8307d2b45b441a60e89', 'mbogisich@example.com', '0', '48', 'P', '31', '31', 'Australia', 'Lake Maritza', 'ru', 'Est explicabo eius repellendus cum dicta omnis recusandae. Praesentium omnis iste laboriosam error ea. Officiis laboriosam explicabo dolorem omnis in sed voluptatem aspernatur.');
INSERT INTO `guids` (`id`, `registration_date`, `first_name`, `second_name`, `login`, `passwords`, `email`, `phone`, `age`, `gender`, `poto_id`, `video_id`, `country`, `city`, `languages`, `text_about`) VALUES ('32', '1997-12-15 16:37:56', 'Coralie', 'Gino', 'alias', 'b57ba5a82e0a954b4e2a596ab8f49b001df9cafb', 'tgottlieb@example.org', '78', '818', 'M', '32', '32', 'Indonesia', 'South Shainaton', 'fr', 'Delectus id nemo quia quaerat nulla sapiente repellendus natus. Molestias enim ut quis laborum. Quis inventore sit deserunt error quae. Facilis nihil reprehenderit est aut magni magni.');
INSERT INTO `guids` (`id`, `registration_date`, `first_name`, `second_name`, `login`, `passwords`, `email`, `phone`, `age`, `gender`, `poto_id`, `video_id`, `country`, `city`, `languages`, `text_about`) VALUES ('33', '1973-05-21 23:28:45', 'Lori', 'Allene', 'distinctio', 'b48b7a2f35bfcfbe261f25eb3c0d77fb0ca92ac6', 'auer.ayden@example.org', '327', '9684', 'M', '33', '33', 'Belgium', 'North Marionland', 'cn', 'Eum voluptates nihil quod aliquid quia non. Dolorum voluptatem dolor qui maiores et. Quia consequatur quod ut accusamus enim sequi suscipit. Facilis quo qui dolor magni quam.');
INSERT INTO `guids` (`id`, `registration_date`, `first_name`, `second_name`, `login`, `passwords`, `email`, `phone`, `age`, `gender`, `poto_id`, `video_id`, `country`, `city`, `languages`, `text_about`) VALUES ('34', '1974-01-13 18:44:39', 'Amelie', 'Mason', 'officia', '20c82a5de9fb5b5aa43f485299a743488977c61b', 'rath.ada@example.net', '113', '0', 'M', '34', '34', 'Venezuela', 'West Elenorfurt', 'pt', 'Labore enim porro ipsum saepe. Consectetur adipisci mollitia voluptatem perferendis et. Ea ipsum et laboriosam vitae.');
INSERT INTO `guids` (`id`, `registration_date`, `first_name`, `second_name`, `login`, `passwords`, `email`, `phone`, `age`, `gender`, `poto_id`, `video_id`, `country`, `city`, `languages`, `text_about`) VALUES ('35', '1985-07-14 02:59:54', 'Cade', 'Hudson', 'nostrum', 'd0a29588255e96b32b5d04acb886812e53a2825b', 'vfeil@example.org', '0', '17', 'M', '35', '35', 'Niue', 'Luciusville', 'cn', 'Fugit aut quia et cumque consectetur autem. Nesciunt adipisci consequatur nulla est provident. Et soluta nostrum vitae sed ut. Eos est dolore vero vel omnis.');
INSERT INTO `guids` (`id`, `registration_date`, `first_name`, `second_name`, `login`, `passwords`, `email`, `phone`, `age`, `gender`, `poto_id`, `video_id`, `country`, `city`, `languages`, `text_about`) VALUES ('36', '2012-11-12 01:13:52', 'Filiberto', 'Monique', 'doloremque', '1f9d5eaf879b8954af1dcd70954ab58bb8e01e51', 'gwolff@example.net', '0', '478603214', 'P', '36', '36', 'Cape Verde', 'Ondrickaton', 'pt', 'Dolor ut ut voluptatem enim quod quia. Ut sunt in consequatur.\nAccusantium consequatur illum aut aut nulla culpa eos doloribus. Consequatur unde voluptatem sint sunt aut.');
INSERT INTO `guids` (`id`, `registration_date`, `first_name`, `second_name`, `login`, `passwords`, `email`, `phone`, `age`, `gender`, `poto_id`, `video_id`, `country`, `city`, `languages`, `text_about`) VALUES ('37', '2018-02-12 15:49:43', 'Joelle', 'Carissa', 'harum', '72b85f7a38340049806b73b7b03960bed92d7da2', 'alene.blanda@example.net', '604', '0', 'M', '37', '37', 'Guinea', 'East Rickey', 'cn', 'Aut omnis quam consequatur est magnam laborum. Ut perferendis officia saepe neque quas alias. Unde dolor a perspiciatis at architecto tempore odio saepe.');
INSERT INTO `guids` (`id`, `registration_date`, `first_name`, `second_name`, `login`, `passwords`, `email`, `phone`, `age`, `gender`, `poto_id`, `video_id`, `country`, `city`, `languages`, `text_about`) VALUES ('38', '2020-05-01 14:31:38', 'Amber', 'Maye', 'et', 'e413346ff5a069d3337ada1cf3c7eb16a86882e1', 'hubert.towne@example.net', '311', '995705', 'M', '38', '38', 'Mayotte', 'Reillyfort', 'es', 'Rerum deserunt temporibus veniam. Repellat omnis quis aspernatur cum laborum. Voluptatibus aut qui molestias modi. Et et placeat harum ipsum.');
INSERT INTO `guids` (`id`, `registration_date`, `first_name`, `second_name`, `login`, `passwords`, `email`, `phone`, `age`, `gender`, `poto_id`, `video_id`, `country`, `city`, `languages`, `text_about`) VALUES ('39', '2018-10-03 03:10:45', 'Alana', 'Manley', 'voluptates', 'c370deb76ecaab56c5357dcd6863977e5dc1a182', 'bruen.isabell@example.net', '959', '239', 'M', '39', '39', 'New Caledonia', 'West Vince', 'it', 'Magnam earum consequatur sit et minus itaque. Ad dolorum iste ratione doloribus eligendi ab. Quam aut consequatur neque illum est voluptas. Sed cupiditate dolor illo iure vel doloribus.');
INSERT INTO `guids` (`id`, `registration_date`, `first_name`, `second_name`, `login`, `passwords`, `email`, `phone`, `age`, `gender`, `poto_id`, `video_id`, `country`, `city`, `languages`, `text_about`) VALUES ('40', '2016-10-30 02:54:24', 'Emma', 'Luther', 'facere', 'cd209ae45ea54f11560cb080371bf9b9912e5809', 'toy.clinton@example.org', '1', '2', 'M', '40', '40', 'Malta', 'Soledadfurt', 'es', 'Nihil possimus facilis eum et et veritatis. Non atque placeat in veniam sit est libero minus. Porro iste et et dolorum. Dolores in harum necessitatibus qui occaecati ex.');
INSERT INTO `guids` (`id`, `registration_date`, `first_name`, `second_name`, `login`, `passwords`, `email`, `phone`, `age`, `gender`, `poto_id`, `video_id`, `country`, `city`, `languages`, `text_about`) VALUES ('41', '1972-08-10 12:27:48', 'Mabelle', 'Carolina', 'cum', 'd2478f0a1f823330cb472e05f2e8c7c5bc4373c4', 'helene78@example.net', '163', '11284892', 'P', '41', '41', 'American Samoa', 'West Dorian', 'ru', 'Sequi molestiae minima tempore nemo omnis enim. Vitae recusandae molestiae voluptatibus velit. Aut quia tenetur corporis amet exercitationem consequatur. Et sequi qui et.');
INSERT INTO `guids` (`id`, `registration_date`, `first_name`, `second_name`, `login`, `passwords`, `email`, `phone`, `age`, `gender`, `poto_id`, `video_id`, `country`, `city`, `languages`, `text_about`) VALUES ('42', '1984-04-14 04:19:09', 'Trace', 'Humberto', 'amet', 'e6b76ba02fef5989d7e1ec35188a1c54194d91cd', 'daisy.hayes@example.net', '358602', '76562427', 'M', '42', '42', 'Niger', 'Port Emelia', 'fr', 'Non dolores aliquam eum ullam saepe hic autem. Et itaque voluptas cumque ipsa recusandae. Molestiae voluptate soluta aliquam animi iure debitis ex. Et molestiae animi nulla velit aliquam minima.');
INSERT INTO `guids` (`id`, `registration_date`, `first_name`, `second_name`, `login`, `passwords`, `email`, `phone`, `age`, `gender`, `poto_id`, `video_id`, `country`, `city`, `languages`, `text_about`) VALUES ('43', '1998-06-11 09:03:35', 'Adele', 'Willis', 'optio', '6407cc158decb14834b035a99e4fa4106eb50de5', 'zackary.ward@example.org', '2098451936', '71', 'M', '43', '43', 'Tajikistan', 'West Asiamouth', 'pt', 'Ab aut sunt voluptatem dolor itaque nam. Mollitia sed consequuntur fuga ipsum. Nam non quia quod vitae. Minima praesentium dolorem aut qui quasi sit odit suscipit.');
INSERT INTO `guids` (`id`, `registration_date`, `first_name`, `second_name`, `login`, `passwords`, `email`, `phone`, `age`, `gender`, `poto_id`, `video_id`, `country`, `city`, `languages`, `text_about`) VALUES ('44', '1992-03-04 22:28:32', 'Cordelia', 'Eldora', 'ducimus', 'c40c2703d58298fb70c994b1cd0b85035eedceeb', 'gupton@example.net', '1', '8765474', 'M', '44', '44', 'Guinea', 'Brodychester', 'en', 'Sint velit quia ut doloremque. Sapiente velit quibusdam ratione odit quia. Sed sequi aspernatur expedita ut facere libero veniam.');
INSERT INTO `guids` (`id`, `registration_date`, `first_name`, `second_name`, `login`, `passwords`, `email`, `phone`, `age`, `gender`, `poto_id`, `video_id`, `country`, `city`, `languages`, `text_about`) VALUES ('45', '1977-06-15 17:17:02', 'Roberto', 'Junius', 'quam', '0b00bef3135ec2a11286284e6dec33c8e62b0536', 'jerde.nicolas@example.org', '273', '66559565', 'M', '45', '45', 'Svalbard & Jan Mayen Islands', 'South Gregoria', 'en', 'Sed sed voluptatem autem impedit et sit. Maxime minus dolor ut aliquid. Sunt qui neque veritatis est aut doloribus at.');
INSERT INTO `guids` (`id`, `registration_date`, `first_name`, `second_name`, `login`, `passwords`, `email`, `phone`, `age`, `gender`, `poto_id`, `video_id`, `country`, `city`, `languages`, `text_about`) VALUES ('46', '1986-12-13 07:13:17', 'Esmeralda', 'Viola', 'consequatur', '1443de6ecaa6ea83ee960eee9e11abce852ab34e', 'perry67@example.net', '704877', '716451', 'D', '46', '46', 'Nepal', 'Port Iva', 'it', 'Sed ratione et facere atque. In autem illo animi sit et animi blanditiis.');
INSERT INTO `guids` (`id`, `registration_date`, `first_name`, `second_name`, `login`, `passwords`, `email`, `phone`, `age`, `gender`, `poto_id`, `video_id`, `country`, `city`, `languages`, `text_about`) VALUES ('47', '1975-01-12 22:42:28', 'Orrin', 'Lina', 'tempore', '132f5b000c781ccb491c7efbb4bee28ea87ad938', 'aidan.hane@example.com', '1', '830532', 'P', '47', '47', 'Turkey', 'Strosinland', 'de', 'Ipsam temporibus pariatur praesentium. Sunt doloribus rerum occaecati non. Ut maiores omnis quia vitae quae.');
INSERT INTO `guids` (`id`, `registration_date`, `first_name`, `second_name`, `login`, `passwords`, `email`, `phone`, `age`, `gender`, `poto_id`, `video_id`, `country`, `city`, `languages`, `text_about`) VALUES ('48', '2006-01-04 13:02:46', 'Kim', 'Fannie', 'quia', '8b6984bdbee3e3af92a7f0fbff46f29c8cb9ccaf', 'jewell.kreiger@example.org', '1', '36906075', 'P', '48', '48', 'Palestinian Territory', 'Howefort', 'en', 'Harum fugiat aut occaecati magni voluptates ut. Delectus eos et veniam est perferendis. Veritatis nulla autem voluptatem expedita non.');
INSERT INTO `guids` (`id`, `registration_date`, `first_name`, `second_name`, `login`, `passwords`, `email`, `phone`, `age`, `gender`, `poto_id`, `video_id`, `country`, `city`, `languages`, `text_about`) VALUES ('49', '1994-05-22 02:18:53', 'Shakira', 'Holly', 'saepe', '5a58f3af5a85eb2dc990c3f41648448270ded425', 'ike42@example.com', '766', '8231647', 'P', '49', '49', 'Saint Pierre and Miquelon', 'New Kraig', 'fr', 'Consequatur magni tenetur labore dolore qui autem. Natus velit voluptatibus non quia dolores. Porro autem quia sit occaecati quia sequi. Non voluptatum fugiat dolor excepturi.');
INSERT INTO `guids` (`id`, `registration_date`, `first_name`, `second_name`, `login`, `passwords`, `email`, `phone`, `age`, `gender`, `poto_id`, `video_id`, `country`, `city`, `languages`, `text_about`) VALUES ('50', '1977-03-23 10:06:02', 'Orrin', 'Theresia', 'dolores', '08731c3c9fbe2e975b31ebbb1baf7856af721711', 'virginie.wilkinson@example.net', '1', '101276', 'P', '50', '50', 'Tunisia', 'Port Jimmychester', 'pt', 'Distinctio voluptas in veniam praesentium magni in eos. Ut nesciunt asperiores qui nemo. Est aut magni omnis. Rerum nostrum esse necessitatibus esse.');
INSERT INTO `guids` (`id`, `registration_date`, `first_name`, `second_name`, `login`, `passwords`, `email`, `phone`, `age`, `gender`, `poto_id`, `video_id`, `country`, `city`, `languages`, `text_about`) VALUES ('51', '2020-02-14 21:19:18', 'Lexus', 'Hector', 'eum', '3622e9fe6d743d0ec710fc3a3ed852c4b7df3259', 'reichert.marlee@example.com', '1', '30059271', 'D', '51', '51', 'South Africa', 'New Svenmouth', 'pt', 'Tenetur adipisci ea quod repudiandae dolorem qui qui. Hic et culpa culpa magnam. Odio sunt consequuntur blanditiis ipsum quasi molestiae iure. Autem repellendus ut aut fugiat et eius quis iste.');
INSERT INTO `guids` (`id`, `registration_date`, `first_name`, `second_name`, `login`, `passwords`, `email`, `phone`, `age`, `gender`, `poto_id`, `video_id`, `country`, `city`, `languages`, `text_about`) VALUES ('52', '1984-05-26 04:27:54', 'Lessie', 'Johanna', 'velit', 'f7538786408ace695c9369a1281bc61fb9a4321a', 'rsanford@example.org', '1', '1141', 'P', '52', '52', 'Holy See (Vatican City State)', 'Bettyetown', 'pt', 'Architecto inventore unde voluptatibus consequuntur. Eveniet mollitia ad eos omnis ea fugit possimus. Voluptatem sint reprehenderit aut quis. Et voluptas reiciendis asperiores non.');
INSERT INTO `guids` (`id`, `registration_date`, `first_name`, `second_name`, `login`, `passwords`, `email`, `phone`, `age`, `gender`, `poto_id`, `video_id`, `country`, `city`, `languages`, `text_about`) VALUES ('53', '1980-04-16 02:00:26', 'Hilario', 'Rogelio', 'ut', '9852ec47feac31521b22b2702aeb8ed1bead4eb4', 'sbeier@example.com', '0', '761736418', 'M', '53', '53', 'Reunion', 'Lake Tommie', 'ru', 'Laudantium harum esse voluptatum quia. Excepturi architecto possimus temporibus rerum aut cumque et. Dolores qui at et sunt et optio ipsum. Veniam voluptatem ullam cupiditate voluptas.');
INSERT INTO `guids` (`id`, `registration_date`, `first_name`, `second_name`, `login`, `passwords`, `email`, `phone`, `age`, `gender`, `poto_id`, `video_id`, `country`, `city`, `languages`, `text_about`) VALUES ('54', '2011-01-15 03:35:12', 'Ora', 'Enoch', 'ut', 'b90560b6c467963f4f468f36d9daf680b083d4ae', 'torp.josianne@example.net', '27', '314232', 'D', '54', '54', 'Spain', 'Eudoraview', 'ru', 'Deserunt dolorum placeat quis omnis ea dolor ipsam quae. Voluptatem quia doloribus quod aut. Velit et nostrum quas dolore.');
INSERT INTO `guids` (`id`, `registration_date`, `first_name`, `second_name`, `login`, `passwords`, `email`, `phone`, `age`, `gender`, `poto_id`, `video_id`, `country`, `city`, `languages`, `text_about`) VALUES ('55', '1973-09-08 05:54:01', 'Tyson', 'Lue', 'facere', 'e59d3c1503639b1cad5465d0433d11fd7222ece6', 'brycen.grimes@example.org', '7664337879', '8', 'M', '55', '55', 'United Kingdom', 'Lake Braeden', 'de', 'Ratione fuga ea nihil dolores animi. Qui officiis maiores culpa et repudiandae enim. Recusandae qui vel voluptas nulla.');
INSERT INTO `guids` (`id`, `registration_date`, `first_name`, `second_name`, `login`, `passwords`, `email`, `phone`, `age`, `gender`, `poto_id`, `video_id`, `country`, `city`, `languages`, `text_about`) VALUES ('56', '2020-09-12 22:43:53', 'Hillary', 'Louie', 'aut', 'f5b067859c44e98dabc476325ad3d6c2140c1bc8', 'kutch.susanna@example.org', '1', '29312', 'M', '56', '56', 'Wallis and Futuna', 'Gastonmouth', 'cn', 'Quo maiores alias facere et. Ut cumque nostrum rerum et. Eaque blanditiis ea sit soluta et et expedita commodi.');
INSERT INTO `guids` (`id`, `registration_date`, `first_name`, `second_name`, `login`, `passwords`, `email`, `phone`, `age`, `gender`, `poto_id`, `video_id`, `country`, `city`, `languages`, `text_about`) VALUES ('57', '2007-11-08 13:19:11', 'Wyman', 'Raul', 'aperiam', '9b6ad80aab39e0f9e3fdd828be4c5b4d628fd70a', 'qfahey@example.net', '757258', '263242211', 'M', '57', '57', 'Nigeria', 'Antoniaburgh', 'it', 'Omnis et quibusdam id dolores voluptas incidunt. Blanditiis sit dolor qui illum. Et veniam saepe qui.');
INSERT INTO `guids` (`id`, `registration_date`, `first_name`, `second_name`, `login`, `passwords`, `email`, `phone`, `age`, `gender`, `poto_id`, `video_id`, `country`, `city`, `languages`, `text_about`) VALUES ('58', '1999-01-17 12:15:06', 'Vince', 'Noah', 'reiciendis', 'c3b016f73a72e09da14fbf5afedc80b3f77303de', 'hans.sipes@example.net', '602', '2868496', 'M', '58', '58', 'Gibraltar', 'Lowestad', 'pt', 'Quidem quis voluptates voluptatem. Quis quia ut sunt at deleniti. Enim nesciunt est non sit quisquam. Repellendus quia labore voluptatem voluptatem molestiae laboriosam soluta.');
INSERT INTO `guids` (`id`, `registration_date`, `first_name`, `second_name`, `login`, `passwords`, `email`, `phone`, `age`, `gender`, `poto_id`, `video_id`, `country`, `city`, `languages`, `text_about`) VALUES ('59', '2002-07-11 06:17:04', 'Makenna', 'Avery', 'reiciendis', 'f2007a94a707e4acd39a2d0f730d7d63eff2cef3', 'misty.terry@example.org', '372623', '10954324', 'D', '59', '59', 'Cambodia', 'Port Godfreyport', 'ru', 'Eum est saepe nulla qui mollitia. Ex excepturi magni voluptatem nesciunt tempora. Cumque officiis soluta molestiae numquam.');
INSERT INTO `guids` (`id`, `registration_date`, `first_name`, `second_name`, `login`, `passwords`, `email`, `phone`, `age`, `gender`, `poto_id`, `video_id`, `country`, `city`, `languages`, `text_about`) VALUES ('60', '2017-06-29 14:02:05', 'Jayda', 'Bridie', 'eveniet', '4312cbb358531f83b2a768889813d291b6ad9124', 'nmohr@example.net', '0', '24', 'M', '60', '60', 'Togo', 'Lukasfurt', 'fr', 'Voluptates quos est optio et quibusdam nisi laudantium. Unde qui deleniti sunt in omnis consectetur. Officiis aut non aperiam amet vel. Reiciendis quaerat sed porro molestiae impedit qui ad rem.');
INSERT INTO `guids` (`id`, `registration_date`, `first_name`, `second_name`, `login`, `passwords`, `email`, `phone`, `age`, `gender`, `poto_id`, `video_id`, `country`, `city`, `languages`, `text_about`) VALUES ('61', '1996-08-29 01:47:45', 'Carolyn', 'Ismael', 'repellendus', '7e81370036bb6d3dab73859552b066ec7c9b704e', 'fhessel@example.org', '715056', '523245', 'M', '61', '61', 'Syrian Arab Republic', 'Port Cristal', 'cn', 'Vel eius quibusdam voluptate quis. Et consequatur ut aspernatur fugiat voluptatum.');
INSERT INTO `guids` (`id`, `registration_date`, `first_name`, `second_name`, `login`, `passwords`, `email`, `phone`, `age`, `gender`, `poto_id`, `video_id`, `country`, `city`, `languages`, `text_about`) VALUES ('62', '2005-05-24 01:16:22', 'Quentin', 'Kevon', 'laboriosam', '59d3ef28ec8c5ee88df011a65840648899d0190c', 'christiana.mills@example.net', '1', '63', 'P', '62', '62', 'British Virgin Islands', 'Jordiville', 'fr', 'Illo autem facere nobis quae ea. Non at ut et qui. Minima repellendus nihil voluptatem qui debitis. Rerum qui assumenda aspernatur voluptas.');
INSERT INTO `guids` (`id`, `registration_date`, `first_name`, `second_name`, `login`, `passwords`, `email`, `phone`, `age`, `gender`, `poto_id`, `video_id`, `country`, `city`, `languages`, `text_about`) VALUES ('63', '1986-05-26 21:31:47', 'Louie', 'Erika', 'eum', '9408854d7d80b4bf26f1cbf95e459c5c1d443894', 'morissette.blaze@example.org', '876', '7', 'D', '63', '63', 'Austria', 'North Lesleyport', 'es', 'Quis placeat ex amet nihil nihil. Molestias omnis occaecati non. Ex minus inventore facilis culpa reprehenderit quos iure qui.');
INSERT INTO `guids` (`id`, `registration_date`, `first_name`, `second_name`, `login`, `passwords`, `email`, `phone`, `age`, `gender`, `poto_id`, `video_id`, `country`, `city`, `languages`, `text_about`) VALUES ('64', '1982-05-22 04:54:47', 'Darien', 'Foster', 'voluptatum', '8aabbe363b97c7db50fccd945c9645e84acf21ad', 'medhurst.grayce@example.org', '0', '0', 'P', '64', '64', 'Vanuatu', 'Port Autumnfurt', 'ru', 'Illo et repudiandae ea minima. Aut iusto consequatur id ut ab voluptas quia. Unde sit quas culpa libero amet. Praesentium amet molestias voluptatem vel praesentium.');
INSERT INTO `guids` (`id`, `registration_date`, `first_name`, `second_name`, `login`, `passwords`, `email`, `phone`, `age`, `gender`, `poto_id`, `video_id`, `country`, `city`, `languages`, `text_about`) VALUES ('65', '2015-07-01 07:05:54', 'Marjory', 'Garth', 'eius', 'f09cb7211b1d94eb746cbe30b1f74e9e98670ceb', 'whitney68@example.net', '90', '8', 'P', '65', '65', 'Marshall Islands', 'North Michelleview', 'ru', 'Autem occaecati et natus architecto enim. Eos sit corrupti sapiente blanditiis. Ut voluptatem aspernatur incidunt accusamus placeat.');
INSERT INTO `guids` (`id`, `registration_date`, `first_name`, `second_name`, `login`, `passwords`, `email`, `phone`, `age`, `gender`, `poto_id`, `video_id`, `country`, `city`, `languages`, `text_about`) VALUES ('66', '2006-09-14 23:37:01', 'Marvin', 'Lottie', 'assumenda', 'd74be0750a9d85334e95cc94309e0f4b06e7645d', 'florida.champlin@example.com', '0', '2837', 'M', '66', '66', 'Cayman Islands', 'New Hollieshire', 'fr', 'Natus est enim ullam cupiditate sapiente magnam quia iusto. Et quae repellat est qui. Molestias facere ullam modi laborum et aliquid.');
INSERT INTO `guids` (`id`, `registration_date`, `first_name`, `second_name`, `login`, `passwords`, `email`, `phone`, `age`, `gender`, `poto_id`, `video_id`, `country`, `city`, `languages`, `text_about`) VALUES ('67', '1973-12-06 06:20:29', 'Krystina', 'Misael', 'sapiente', 'ab8e65c2ab98d054b4ccf45f5c27a41f109cb7cc', 'hannah08@example.com', '1228635436', '6193361', 'D', '67', '67', 'Tanzania', 'O\'Keefebury', 'ru', 'Deleniti enim quaerat repudiandae dolore saepe velit. Totam dolorum tempore laborum sit. Illo provident eum facilis adipisci placeat. Ipsum quis ipsa veniam.');
INSERT INTO `guids` (`id`, `registration_date`, `first_name`, `second_name`, `login`, `passwords`, `email`, `phone`, `age`, `gender`, `poto_id`, `video_id`, `country`, `city`, `languages`, `text_about`) VALUES ('68', '1973-06-05 11:55:05', 'Shanny', 'Shannon', 'officiis', '01e0e8bcc117885607ee148e9e154f8f4bb1997d', 'marcelle71@example.com', '51', '8', 'P', '68', '68', 'Belarus', 'Kemmertown', 'ru', 'Ipsum reiciendis explicabo dicta expedita ea dicta. Tenetur et consequuntur esse repellat. Nemo quibusdam enim dolorem.');
INSERT INTO `guids` (`id`, `registration_date`, `first_name`, `second_name`, `login`, `passwords`, `email`, `phone`, `age`, `gender`, `poto_id`, `video_id`, `country`, `city`, `languages`, `text_about`) VALUES ('69', '1983-05-12 23:02:34', 'Gerardo', 'Enos', 'quaerat', 'a792f78b1e1fdfc074f9cfa4b67dd6d4987923f3', 'vandervort.rahul@example.com', '657', '9705', 'D', '69', '69', 'Costa Rica', 'Kertzmanntown', 'de', 'Officia ut magnam totam reiciendis et eveniet. Qui autem qui repellat officiis laborum dolores.');
INSERT INTO `guids` (`id`, `registration_date`, `first_name`, `second_name`, `login`, `passwords`, `email`, `phone`, `age`, `gender`, `poto_id`, `video_id`, `country`, `city`, `languages`, `text_about`) VALUES ('70', '2014-02-10 06:06:30', 'Eugene', 'Russ', 'mollitia', 'acf71260962fd4b8e822741f62193a9e4439fcb3', 'eino66@example.com', '163521', '79119', 'P', '70', '70', 'Luxembourg', 'Zettatown', 'de', 'Esse beatae nulla ullam nulla reprehenderit. Qui qui dicta nostrum est sapiente sed rerum. Ea aspernatur quos consequatur iste esse. Aperiam aut quo et temporibus veniam sed quia.');
INSERT INTO `guids` (`id`, `registration_date`, `first_name`, `second_name`, `login`, `passwords`, `email`, `phone`, `age`, `gender`, `poto_id`, `video_id`, `country`, `city`, `languages`, `text_about`) VALUES ('71', '2008-06-25 13:22:38', 'Carissa', 'Micaela', 'consectetur', '1409419f517f3d196b0cf0bdb331bae12229a091', 'isaiah91@example.org', '167', '738708725', 'M', '71', '71', 'Uganda', 'Yeseniaton', 'cn', 'Repellat sit deserunt ea voluptatibus architecto. Libero est explicabo dolore. Excepturi quia eligendi modi quo dolor et. Perferendis odit laborum nemo eaque.');
INSERT INTO `guids` (`id`, `registration_date`, `first_name`, `second_name`, `login`, `passwords`, `email`, `phone`, `age`, `gender`, `poto_id`, `video_id`, `country`, `city`, `languages`, `text_about`) VALUES ('72', '1984-04-11 01:21:38', 'Kennedi', 'Alex', 'ut', 'd4fa10c3290bea837eaa4637fa4fddefe0a3e444', 'annette32@example.org', '716679', '16835637', 'M', '72', '72', 'Guam', 'Madalineberg', 'it', 'Dolores necessitatibus omnis quia animi nemo excepturi. Hic nulla est doloremque facere omnis officiis. A iste dolorem quis temporibus autem.');
INSERT INTO `guids` (`id`, `registration_date`, `first_name`, `second_name`, `login`, `passwords`, `email`, `phone`, `age`, `gender`, `poto_id`, `video_id`, `country`, `city`, `languages`, `text_about`) VALUES ('73', '1997-05-04 19:43:36', 'Mauricio', 'Annamae', 'autem', 'd416b77b8a045f7f690583558a7fde00be8c4ce2', 'fay34@example.org', '738', '396', 'M', '73', '73', 'Iceland', 'Lake Duane', 'cn', 'Dolorem et velit ab et ea voluptatum. Rerum et molestiae reprehenderit esse dicta. Inventore excepturi enim hic odio corrupti beatae. Vero omnis accusantium qui ut deserunt.');
INSERT INTO `guids` (`id`, `registration_date`, `first_name`, `second_name`, `login`, `passwords`, `email`, `phone`, `age`, `gender`, `poto_id`, `video_id`, `country`, `city`, `languages`, `text_about`) VALUES ('74', '1999-10-18 23:32:48', 'Carlotta', 'Brigitte', 'neque', '5c8f90d0532924501cc06158c8a44ab8a10697ac', 'landen39@example.com', '58', '103051', 'P', '74', '74', 'Bhutan', 'East Oscarmouth', 'pt', 'Voluptatibus quasi culpa nemo dolorem qui. Ea cupiditate voluptas quasi consequuntur. Nam repudiandae aliquid velit rerum. Ex dolor distinctio possimus dolore.');
INSERT INTO `guids` (`id`, `registration_date`, `first_name`, `second_name`, `login`, `passwords`, `email`, `phone`, `age`, `gender`, `poto_id`, `video_id`, `country`, `city`, `languages`, `text_about`) VALUES ('75', '1998-11-23 12:12:51', 'Louvenia', 'Demetrius', 'dolore', '930b4a2c36943f379fa04a6093a45a1e25f39479', 'gusikowski.kobe@example.com', '986', '1322', 'D', '75', '75', 'Poland', 'Beattytown', 'cn', 'Voluptatibus doloribus repellendus aut alias. Quaerat quae voluptatem et. Praesentium quo aliquam et perferendis aperiam culpa qui sint. Qui explicabo ut placeat rerum.');
INSERT INTO `guids` (`id`, `registration_date`, `first_name`, `second_name`, `login`, `passwords`, `email`, `phone`, `age`, `gender`, `poto_id`, `video_id`, `country`, `city`, `languages`, `text_about`) VALUES ('76', '2015-03-15 12:55:13', 'Jamey', 'Domenic', 'maxime', '7566e1ff4776fed127a8ac98bb06f3af31639996', 'zkling@example.com', '557', '311', 'D', '76', '76', 'Mauritius', 'Jessieville', 'fr', 'Omnis repudiandae non qui consectetur similique est. Labore accusamus rerum quod asperiores. Iusto perspiciatis est sequi odit ut ut sunt.');
INSERT INTO `guids` (`id`, `registration_date`, `first_name`, `second_name`, `login`, `passwords`, `email`, `phone`, `age`, `gender`, `poto_id`, `video_id`, `country`, `city`, `languages`, `text_about`) VALUES ('77', '2003-12-24 05:00:48', 'Emmanuelle', 'Eulalia', 'est', '7f3e9bb9c2c565e848f784ddb26a067a155a8a6f', 'ystoltenberg@example.org', '958823', '93822737', 'P', '77', '77', 'Paraguay', 'East Emmanuel', 'es', 'Aut illo nihil iure repudiandae. Fugit sint voluptatem cum animi. Eum fugiat velit saepe a. Autem illum dolor dignissimos et eum amet facilis.');
INSERT INTO `guids` (`id`, `registration_date`, `first_name`, `second_name`, `login`, `passwords`, `email`, `phone`, `age`, `gender`, `poto_id`, `video_id`, `country`, `city`, `languages`, `text_about`) VALUES ('78', '2005-06-30 21:25:40', 'Vivian', 'Joanny', 'doloribus', '0b006a3bb1d53226ed82954684ca7639f2c42bb4', 'stamm.stuart@example.com', '652', '580', 'P', '78', '78', 'Palestinian Territory', 'Robinburgh', 'en', 'Molestias neque quas et ipsa eos enim. Omnis voluptatem tempora quod autem aliquam id deleniti distinctio. Facilis corrupti doloremque quas odit cupiditate numquam sint.');
INSERT INTO `guids` (`id`, `registration_date`, `first_name`, `second_name`, `login`, `passwords`, `email`, `phone`, `age`, `gender`, `poto_id`, `video_id`, `country`, `city`, `languages`, `text_about`) VALUES ('79', '1991-02-24 15:32:12', 'Colten', 'Alba', 'sit', 'f3549f42d08ae5e3ab0a939d38bea47c3d81f07b', 'rbuckridge@example.com', '84435', '53176', 'M', '79', '79', 'Namibia', 'Dejastad', 'pt', 'Voluptatibus et molestiae ipsa illo tempora autem nisi. Repellat iure ullam accusantium est rerum nihil culpa deserunt. Aut et aut expedita placeat amet cupiditate quia.');
INSERT INTO `guids` (`id`, `registration_date`, `first_name`, `second_name`, `login`, `passwords`, `email`, `phone`, `age`, `gender`, `poto_id`, `video_id`, `country`, `city`, `languages`, `text_about`) VALUES ('80', '1988-07-11 08:42:18', 'Timmothy', 'Ken', 'occaecati', 'dab11fb412cc53835b4377a3f7765c5fb000e477', 'kohler.marcelo@example.com', '94687', '855214958', 'P', '80', '80', 'Libyan Arab Jamahiriya', 'Port Jordy', 'es', 'Repellat minima quia veniam debitis aliquam consequatur. Quas inventore rerum quae quam veritatis adipisci asperiores. Est et id consectetur aut.');
INSERT INTO `guids` (`id`, `registration_date`, `first_name`, `second_name`, `login`, `passwords`, `email`, `phone`, `age`, `gender`, `poto_id`, `video_id`, `country`, `city`, `languages`, `text_about`) VALUES ('81', '1990-09-02 02:59:06', 'Brooke', 'Victor', 'labore', '84690cd94656a43c15dcdd2c6361bd3f9df00047', 'ben.haag@example.net', '533558', '2511', 'D', '81', '81', 'Cameroon', 'Prudenceberg', 'en', 'Autem reprehenderit dolores delectus illum id quisquam. Et rerum a molestiae voluptas. Enim in quisquam recusandae maiores aut inventore.');
INSERT INTO `guids` (`id`, `registration_date`, `first_name`, `second_name`, `login`, `passwords`, `email`, `phone`, `age`, `gender`, `poto_id`, `video_id`, `country`, `city`, `languages`, `text_about`) VALUES ('82', '1993-02-15 06:32:28', 'Elyse', 'Genevieve', 'facilis', '5db25eaa904086b41e0b55b6e8227b6b29781d5a', 'wschiller@example.org', '1', '0', 'M', '82', '82', 'Faroe Islands', 'Percivalchester', 'pt', 'Sint ab dolores quos quia consequatur provident. Minus labore ipsa voluptate similique. Necessitatibus odio deleniti accusamus voluptatem recusandae corrupti consequatur repudiandae.');
INSERT INTO `guids` (`id`, `registration_date`, `first_name`, `second_name`, `login`, `passwords`, `email`, `phone`, `age`, `gender`, `poto_id`, `video_id`, `country`, `city`, `languages`, `text_about`) VALUES ('83', '2009-09-14 08:32:47', 'Mathew', 'Amiya', 'cumque', '4e0a962817d3f718a612ce8093af104ffa46416f', 'mgrimes@example.com', '7258023603', '243', 'M', '83', '83', 'Kiribati', 'Reillyside', 'pt', 'Ut eum est asperiores voluptatum. Ducimus nemo at qui recusandae ipsa nobis. Itaque placeat at optio sequi non.');
INSERT INTO `guids` (`id`, `registration_date`, `first_name`, `second_name`, `login`, `passwords`, `email`, `phone`, `age`, `gender`, `poto_id`, `video_id`, `country`, `city`, `languages`, `text_about`) VALUES ('84', '1974-09-18 19:58:42', 'Sterling', 'Natalie', 'dolorem', 'a2ab4b2ab0e64dfb3ae8068980cbc389d1bdf236', 'wilford.corkery@example.org', '645254', '13515', 'M', '84', '84', 'Switzerland', 'Lake Graycehaven', 'fr', 'Nesciunt rerum velit dolores sit in animi quia. Pariatur eligendi vel voluptas id architecto ut earum rem. Necessitatibus consequatur rem deleniti earum voluptatem.');
INSERT INTO `guids` (`id`, `registration_date`, `first_name`, `second_name`, `login`, `passwords`, `email`, `phone`, `age`, `gender`, `poto_id`, `video_id`, `country`, `city`, `languages`, `text_about`) VALUES ('85', '1986-04-07 00:35:01', 'Marjorie', 'Mariela', 'modi', '03faaa73b7fcce0874b3b4a76395d7b385abe8fa', 'stamm.hilbert@example.net', '0', '418', 'M', '85', '85', 'Mozambique', 'Myahstad', 'it', 'Omnis et aut veniam doloribus dolorem exercitationem. Pariatur consequatur in inventore. Reprehenderit qui optio sapiente est error. Voluptatem quaerat exercitationem ut assumenda.');
INSERT INTO `guids` (`id`, `registration_date`, `first_name`, `second_name`, `login`, `passwords`, `email`, `phone`, `age`, `gender`, `poto_id`, `video_id`, `country`, `city`, `languages`, `text_about`) VALUES ('86', '2008-12-10 11:51:20', 'Meggie', 'Oscar', 'non', 'f548b7f48aee8b43106408f4b013187a3db8c8b6', 'beatty.mavis@example.com', '257363228', '57855', 'M', '86', '86', 'French Southern Territories', 'Camdenview', 'de', 'Vero vero magni expedita dolor. Odit sit omnis molestiae totam sunt. Enim consequatur est veritatis harum.');
INSERT INTO `guids` (`id`, `registration_date`, `first_name`, `second_name`, `login`, `passwords`, `email`, `phone`, `age`, `gender`, `poto_id`, `video_id`, `country`, `city`, `languages`, `text_about`) VALUES ('87', '1997-08-04 16:59:52', 'Alexis', 'Floyd', 'facilis', '1af4ef206316ae12b8cee67d650bb81da694552f', 'ekeebler@example.com', '1', '9328', 'M', '87', '87', 'Poland', 'Estelhaven', 'fr', 'Id libero quos eum omnis temporibus iure autem. Eius ab corrupti sunt quo rerum atque alias. Porro iure atque optio id dolores sapiente sint.');
INSERT INTO `guids` (`id`, `registration_date`, `first_name`, `second_name`, `login`, `passwords`, `email`, `phone`, `age`, `gender`, `poto_id`, `video_id`, `country`, `city`, `languages`, `text_about`) VALUES ('88', '1975-11-25 07:53:17', 'Sister', 'Barry', 'aut', 'fe88a496e5953de9fd7f2e4753dd1abf92d215a1', 'helena28@example.net', '822', '69513', 'M', '88', '88', 'Bahamas', 'Port Reynaside', 'pt', 'Libero in laboriosam in perspiciatis repellat. Vel cum eveniet ratione assumenda aut magnam. Aut debitis fugit qui atque.');
INSERT INTO `guids` (`id`, `registration_date`, `first_name`, `second_name`, `login`, `passwords`, `email`, `phone`, `age`, `gender`, `poto_id`, `video_id`, `country`, `city`, `languages`, `text_about`) VALUES ('89', '2003-09-30 17:38:58', 'Hubert', 'Lindsey', 'et', 'e59a53e713269e6ab1791607f1417139c51988d0', 'luther13@example.com', '1', '267052992', 'M', '89', '89', 'Uzbekistan', 'Schimmelland', 'en', 'Eligendi sapiente in officiis consequatur perspiciatis eos. Eligendi distinctio quibusdam fugit a. Sint ipsam expedita est soluta qui excepturi ipsum. Et dolorum in quia.');
INSERT INTO `guids` (`id`, `registration_date`, `first_name`, `second_name`, `login`, `passwords`, `email`, `phone`, `age`, `gender`, `poto_id`, `video_id`, `country`, `city`, `languages`, `text_about`) VALUES ('90', '1995-06-01 15:51:50', 'Willis', 'Lucienne', 'itaque', '67a630fc41be67035fbd175d9b1189fd4641ff62', 'runolfsdottir.vivianne@example.net', '4', '0', 'M', '90', '90', 'Panama', 'Ashleyview', 'es', 'Occaecati quia quam delectus. Veritatis tempore reprehenderit dolorum ut eum. Sit officia cum vitae natus. Est voluptates aspernatur animi nihil.');
INSERT INTO `guids` (`id`, `registration_date`, `first_name`, `second_name`, `login`, `passwords`, `email`, `phone`, `age`, `gender`, `poto_id`, `video_id`, `country`, `city`, `languages`, `text_about`) VALUES ('91', '1970-09-04 13:38:27', 'Hortense', 'Ferne', 'nulla', 'e292c4d899f8d3bc5f0824cff8c09399fc557e19', 'littel.michale@example.com', '67', '270046', 'D', '91', '91', 'Portugal', 'Lurlineland', 'es', 'Laborum debitis vel expedita vel. Et ea earum nesciunt molestiae dolorum labore. Sequi provident optio non rerum dolores.');
INSERT INTO `guids` (`id`, `registration_date`, `first_name`, `second_name`, `login`, `passwords`, `email`, `phone`, `age`, `gender`, `poto_id`, `video_id`, `country`, `city`, `languages`, `text_about`) VALUES ('92', '1971-10-02 06:47:36', 'Giuseppe', 'Theresia', 'unde', 'beb9138f278174464628b58eecf6410baed35b59', 'ugrant@example.com', '1', '62819', 'M', '92', '92', 'Ecuador', 'West Kenna', 'pt', 'Asperiores sequi esse natus rerum esse qui maiores. Temporibus eos maiores voluptatem molestiae consequatur. Iusto est quam quia est eveniet.');
INSERT INTO `guids` (`id`, `registration_date`, `first_name`, `second_name`, `login`, `passwords`, `email`, `phone`, `age`, `gender`, `poto_id`, `video_id`, `country`, `city`, `languages`, `text_about`) VALUES ('93', '2019-05-07 00:35:41', 'Dayne', 'Efren', 'sit', 'db48474197a19fe278b8e963eb2ac137ebc985f7', 'doug.cartwright@example.com', '255019', '26345836', 'M', '93', '93', 'Estonia', 'East Adalberto', 'de', 'Labore perspiciatis optio quia. Distinctio quam est vero eveniet inventore. Consequuntur iure architecto quo et quae.');
INSERT INTO `guids` (`id`, `registration_date`, `first_name`, `second_name`, `login`, `passwords`, `email`, `phone`, `age`, `gender`, `poto_id`, `video_id`, `country`, `city`, `languages`, `text_about`) VALUES ('94', '2009-12-14 15:30:31', 'Keon', 'Beau', 'quia', 'fe8a0acfc50001188ba8bbdc80eb9c60ac1fc644', 'ccorwin@example.org', '0', '47518031', 'P', '94', '94', 'Moldova', 'South Elwin', 'ru', 'Accusamus tempora reprehenderit eos est nesciunt saepe repellat ipsam. Rerum perspiciatis pariatur voluptas reprehenderit. Maiores maiores sit veniam ipsa ea. Id magni occaecati dolores ut.');
INSERT INTO `guids` (`id`, `registration_date`, `first_name`, `second_name`, `login`, `passwords`, `email`, `phone`, `age`, `gender`, `poto_id`, `video_id`, `country`, `city`, `languages`, `text_about`) VALUES ('95', '2006-09-13 09:42:02', 'Cassidy', 'Tiffany', 'quis', '2323b895f96a4b23267f0641794c938684f5774d', 'creola.johnston@example.org', '1', '89674409', 'M', '95', '95', 'Cook Islands', 'South Tedbury', 'en', 'Dolores voluptatem voluptatem esse itaque debitis dignissimos id. Quia consequatur aliquam dolorum ipsa eos. Et libero ducimus dolor ipsa voluptatum facilis aut.');
INSERT INTO `guids` (`id`, `registration_date`, `first_name`, `second_name`, `login`, `passwords`, `email`, `phone`, `age`, `gender`, `poto_id`, `video_id`, `country`, `city`, `languages`, `text_about`) VALUES ('96', '2007-08-06 09:15:35', 'Lavern', 'Jovany', 'est', 'cad694f5b75e1230aa364771754901284453a5c6', 'thomas.russel@example.net', '509356', '5792108', 'D', '96', '96', 'Lesotho', 'Herzogland', 'it', 'Harum aliquam incidunt hic ducimus saepe. Ut dolor non sapiente dolor soluta. Odit qui ut reiciendis. Quia itaque ipsam sunt ut est sit quaerat. Ipsa laboriosam illo veritatis ea sed in iusto.');
INSERT INTO `guids` (`id`, `registration_date`, `first_name`, `second_name`, `login`, `passwords`, `email`, `phone`, `age`, `gender`, `poto_id`, `video_id`, `country`, `city`, `languages`, `text_about`) VALUES ('97', '1972-09-05 14:56:05', 'Adaline', 'Buck', 'et', '4c7e18d5c84096ef475ba47b2e506f2370550589', 'darron.weissnat@example.org', '35', '62', 'M', '97', '97', 'Tonga', 'North Noemie', 'pt', 'Et et velit aut dolorem rerum sunt sed eveniet. Cumque earum et quisquam. Consequatur architecto accusantium impedit a dolor mollitia quisquam reiciendis. Atque modi ipsum dolorem et exercitationem.');
INSERT INTO `guids` (`id`, `registration_date`, `first_name`, `second_name`, `login`, `passwords`, `email`, `phone`, `age`, `gender`, `poto_id`, `video_id`, `country`, `city`, `languages`, `text_about`) VALUES ('98', '2018-12-28 13:53:44', 'Gertrude', 'Jacinto', 'aut', 'a2f23a4426116747a06d5d8ba62763201f6ee0b3', 'kariane.sanford@example.net', '1', '0', 'P', '98', '98', 'Niue', 'Augustchester', 'es', 'Eaque assumenda sit officiis numquam illo necessitatibus dignissimos. Numquam enim quis laborum. Sit fugiat exercitationem non. Rem accusantium similique sit veniam.');
INSERT INTO `guids` (`id`, `registration_date`, `first_name`, `second_name`, `login`, `passwords`, `email`, `phone`, `age`, `gender`, `poto_id`, `video_id`, `country`, `city`, `languages`, `text_about`) VALUES ('99', '1984-03-24 17:05:53', 'Lavon', 'Ciara', 'aut', '40824e0b51f253c4d573f645b12ce725c7465f54', 'janae.wunsch@example.org', '0', '9', 'M', '99', '99', 'Botswana', 'Macejkovictown', 'es', 'Atque aut voluptate similique earum tempore non impedit dolores. Voluptatem ducimus suscipit omnis nesciunt consequatur. Dolores ipsam porro magnam ab perspiciatis quaerat.');
INSERT INTO `guids` (`id`, `registration_date`, `first_name`, `second_name`, `login`, `passwords`, `email`, `phone`, `age`, `gender`, `poto_id`, `video_id`, `country`, `city`, `languages`, `text_about`) VALUES ('100', '2004-01-05 11:47:14', 'Clementine', 'Candelario', 'molestiae', '5575b8901c7b92827c2d70a72d86e4f812cace54', 'dan31@example.com', '143692', '10610278', 'M', '100', '100', 'Grenada', 'South Dessieport', 'fr', 'Est necessitatibus quo voluptatem officiis recusandae perferendis. Sed ea dolores eum repudiandae modi accusantium impedit.');

INSERT INTO `tourists` (`id`, `registration_date`, `first_name`, `second_name`, `login`, `passwords`, `email`, `phone`, `age`, `gender`, `poto_id`, `country`, `city`, `languages`, `what_to_want`) VALUES ('1', '1983-04-29 23:09:32', 'Gaylord', 'Luella', 'quia', 'fd8d02e006ebb25713923afbfa9360ab9989491c', 'lora.lubowitz@example.com', '1', '745530854', 'D', '1', 'Lesotho', 'Pinkberg', 'cn', 'Est et voluptatum commodi ut atque. Dignissimos pariatur harum rem non et sit.');
INSERT INTO `tourists` (`id`, `registration_date`, `first_name`, `second_name`, `login`, `passwords`, `email`, `phone`, `age`, `gender`, `poto_id`, `country`, `city`, `languages`, `what_to_want`) VALUES ('2', '1990-06-24 05:20:47', 'Tia', 'Cheyanne', 'consequuntur', 'db2568d73ab32a03f41759e072e2f26261ef505d', 'ernestina.mccullough@example.net', '1', '154941302', 'P', '2', 'Saint Pierre and Miquelon', 'Nicolasfort', 'it', 'Illo eum labore omnis nihil. Eos tempore porro aut inventore perferendis. Pariatur laboriosam et aliquam quam iure cum facilis. Atque quibusdam omnis quis error fuga a blanditiis.');
INSERT INTO `tourists` (`id`, `registration_date`, `first_name`, `second_name`, `login`, `passwords`, `email`, `phone`, `age`, `gender`, `poto_id`, `country`, `city`, `languages`, `what_to_want`) VALUES ('3', '1993-03-06 00:20:17', 'Thora', 'Carmelo', 'aut', '5761b0e6014001de1d0178df4a09bede0dd01e04', 'ubergnaum@example.org', '1', '110', 'P', '3', 'Uzbekistan', 'Graysonborough', 'pt', 'Aut commodi harum perspiciatis recusandae ab non officia. Sit repellendus rem qui inventore. Accusamus voluptatibus molestiae unde provident aliquid quos maxime libero.');
INSERT INTO `tourists` (`id`, `registration_date`, `first_name`, `second_name`, `login`, `passwords`, `email`, `phone`, `age`, `gender`, `poto_id`, `country`, `city`, `languages`, `what_to_want`) VALUES ('4', '2002-07-17 10:06:18', 'Avis', 'Ruben', 'omnis', 'c6dc863941f398a9a0f9f098eddce531d5a8027d', 'kasandra.shanahan@example.net', '3163523698', '813776', 'M', '4', 'Ireland', 'Port Connor', 'ru', 'Doloribus dignissimos atque unde exercitationem laborum. Asperiores ut consequuntur aut tempore. Sed reiciendis rerum sit rerum.');
INSERT INTO `tourists` (`id`, `registration_date`, `first_name`, `second_name`, `login`, `passwords`, `email`, `phone`, `age`, `gender`, `poto_id`, `country`, `city`, `languages`, `what_to_want`) VALUES ('5', '1990-06-06 04:29:25', 'Crystel', 'Beulah', 'rem', 'e0d54dbed903ea44f1a729f1888b4f9e782dd72a', 'fkulas@example.com', '0', '0', 'P', '5', 'Mongolia', 'South Harry', 'ru', 'Culpa quibusdam itaque facilis molestiae maiores. Asperiores et quos adipisci soluta. Enim qui odit ipsum voluptatem. Dolorem provident praesentium odit. Autem libero quaerat et sed occaecati.');
INSERT INTO `tourists` (`id`, `registration_date`, `first_name`, `second_name`, `login`, `passwords`, `email`, `phone`, `age`, `gender`, `poto_id`, `country`, `city`, `languages`, `what_to_want`) VALUES ('6', '1977-05-25 16:18:05', 'Patrick', 'Ewald', 'saepe', '0e6ec210ccb72cb62e0b2ce56228177ac3f4e049', 'gislason.vivian@example.com', '938987', '78', 'D', '6', 'Monaco', 'Jessicatown', 'fr', 'Enim inventore dolores molestiae dolores quo expedita. Omnis rerum eos reprehenderit quasi delectus natus. Est sit natus illum. Aliquid omnis voluptas deserunt et dolor consectetur.');
INSERT INTO `tourists` (`id`, `registration_date`, `first_name`, `second_name`, `login`, `passwords`, `email`, `phone`, `age`, `gender`, `poto_id`, `country`, `city`, `languages`, `what_to_want`) VALUES ('7', '2012-06-21 14:03:51', 'Holden', 'Beth', 'voluptas', '02757737c920117ae2f93b0669fac9ccffa993a4', 'kuhn.garett@example.net', '33', '22', 'M', '7', 'Peru', 'Reichelshire', 'pt', 'Et et consequatur autem qui ex est et. Quia non saepe est unde qui quisquam qui quidem. Perspiciatis odit excepturi velit fugit. Qui architecto expedita eius.');
INSERT INTO `tourists` (`id`, `registration_date`, `first_name`, `second_name`, `login`, `passwords`, `email`, `phone`, `age`, `gender`, `poto_id`, `country`, `city`, `languages`, `what_to_want`) VALUES ('8', '1975-10-29 08:33:59', 'Tamia', 'Haleigh', 'minima', '69762596bf0f1058cebfdfd05aa1d043212b2dcd', 'katharina.koepp@example.net', '739', '5', 'D', '8', 'Sweden', 'Robinville', 'ru', 'Libero minima velit nihil sunt. Fugit dolores aut enim vero. Aut corrupti sit esse id esse ipsa voluptas.');
INSERT INTO `tourists` (`id`, `registration_date`, `first_name`, `second_name`, `login`, `passwords`, `email`, `phone`, `age`, `gender`, `poto_id`, `country`, `city`, `languages`, `what_to_want`) VALUES ('9', '1982-06-14 07:40:50', 'Ludwig', 'Nikolas', 'molestias', 'b65bc87e3e9fec18a5e0e2e5f744330b199b7caf', 'georgette.shields@example.com', '2909117853', '72916', 'P', '9', 'Cayman Islands', 'West Feltonstad', 'de', 'Reiciendis impedit aut animi est consequatur. Officia exercitationem ut nesciunt autem voluptates. Laudantium delectus qui et qui nihil fuga.');
INSERT INTO `tourists` (`id`, `registration_date`, `first_name`, `second_name`, `login`, `passwords`, `email`, `phone`, `age`, `gender`, `poto_id`, `country`, `city`, `languages`, `what_to_want`) VALUES ('10', '2003-05-08 11:26:00', 'Jacquelyn', 'Dwight', 'consequuntur', '0ffa699898065bf623bdbaded5eb6611bd4f42da', 'macejkovic.derrick@example.com', '508856', '3398', 'P', '10', 'Italy', 'Maceyland', 'pt', 'Sed non explicabo est id. Architecto a omnis aperiam vitae. Aliquid in quia quo beatae qui.');
INSERT INTO `tourists` (`id`, `registration_date`, `first_name`, `second_name`, `login`, `passwords`, `email`, `phone`, `age`, `gender`, `poto_id`, `country`, `city`, `languages`, `what_to_want`) VALUES ('11', '2010-04-11 16:41:49', 'Alejandra', 'Art', 'consequatur', '9277d22c1b8614bfd337b94ed235de4547f6ba44', 'nigel.kunde@example.com', '1', '26', 'D', '11', 'Bulgaria', 'Elsieville', 'it', 'Qui omnis rem omnis dolores est enim sunt. Aliquid sit assumenda harum officia earum. Excepturi et maiores expedita delectus. Praesentium saepe deleniti nihil quidem nisi voluptatem.');
INSERT INTO `tourists` (`id`, `registration_date`, `first_name`, `second_name`, `login`, `passwords`, `email`, `phone`, `age`, `gender`, `poto_id`, `country`, `city`, `languages`, `what_to_want`) VALUES ('12', '2007-04-30 11:22:28', 'Alfonzo', 'Rubye', 'minima', 'fc26571968bad6410f125a3ea39f2b0a7c703534', 'agustina33@example.org', '1', '1518335', 'M', '12', 'Madagascar', 'Lake Rosalyn', 'es', 'Dicta voluptatem in recusandae ut. Aut a ut sint non laboriosam.\nAperiam voluptates fugiat qui quisquam hic quia et. Quo aliquid id aut. Excepturi minus qui labore exercitationem ut.');
INSERT INTO `tourists` (`id`, `registration_date`, `first_name`, `second_name`, `login`, `passwords`, `email`, `phone`, `age`, `gender`, `poto_id`, `country`, `city`, `languages`, `what_to_want`) VALUES ('13', '1981-10-15 07:42:05', 'Marlee', 'Boyd', 'dolores', '3ef7bc6c4f24d40a99ee77c4949f5aff7dbec5dc', 'ansel.green@example.com', '563', '660', 'M', '13', 'Italy', 'East Kayleighberg', 'cn', 'Culpa enim velit molestiae consequatur. Nihil aut et praesentium quas. Esse asperiores animi et veniam sit esse ab ab. Laboriosam quam sint voluptate perspiciatis.');
INSERT INTO `tourists` (`id`, `registration_date`, `first_name`, `second_name`, `login`, `passwords`, `email`, `phone`, `age`, `gender`, `poto_id`, `country`, `city`, `languages`, `what_to_want`) VALUES ('14', '1974-03-17 06:19:54', 'Cordelia', 'Kelly', 'vitae', '6441520871c379ba163570c9ae2c9762fc0b302e', 'kiana99@example.net', '0', '4', 'M', '14', 'Cuba', 'New Reganbury', 'fr', 'Ad ut voluptas repudiandae sed non est. Voluptas vero nisi magni ut mollitia. Tempore qui officiis facilis minus consectetur assumenda ut. Rerum id et rerum consequuntur.');
INSERT INTO `tourists` (`id`, `registration_date`, `first_name`, `second_name`, `login`, `passwords`, `email`, `phone`, `age`, `gender`, `poto_id`, `country`, `city`, `languages`, `what_to_want`) VALUES ('15', '1994-01-02 04:26:09', 'Gia', 'Maxie', 'ab', 'f742111aeb4b86c7e34bd4b58b17fb8dcd078e6d', 'rturner@example.com', '85', '844317', 'D', '15', 'Central African Republic', 'East Carlitown', 'cn', 'Officia quisquam et error voluptatem. Voluptas nesciunt in quia. Voluptas velit veniam consectetur et ut earum sit. Amet ea incidunt quasi consequatur consectetur sunt autem eaque.');
INSERT INTO `tourists` (`id`, `registration_date`, `first_name`, `second_name`, `login`, `passwords`, `email`, `phone`, `age`, `gender`, `poto_id`, `country`, `city`, `languages`, `what_to_want`) VALUES ('16', '1980-01-02 08:06:40', 'Tianna', 'Jovani', 'sint', '1eca49d6f2e53470f88de8cc5708f6007b0ec5a4', 'jamey50@example.com', '2968281176', '943605230', 'M', '16', 'Saint Lucia', 'North Cheyenne', 'de', 'A a quis facere non fuga voluptas. Sed voluptatem illum tempora est officia aut. Et atque non omnis molestiae esse consectetur a. A tempora numquam non corrupti quibusdam.');
INSERT INTO `tourists` (`id`, `registration_date`, `first_name`, `second_name`, `login`, `passwords`, `email`, `phone`, `age`, `gender`, `poto_id`, `country`, `city`, `languages`, `what_to_want`) VALUES ('17', '2008-05-06 00:13:19', 'Nels', 'Laverne', 'enim', 'f90c6ca0b657ac56ab92627c8ddf94e1f2439ed1', 'dd\'amore@example.com', '962', '386', 'D', '17', 'Greenland', 'Mariachester', 'pt', 'Et aliquam deserunt eos magnam. Non enim excepturi illo eius sit veniam ut. Illo sed omnis consequatur est. Ut est aut quasi deleniti qui in.');
INSERT INTO `tourists` (`id`, `registration_date`, `first_name`, `second_name`, `login`, `passwords`, `email`, `phone`, `age`, `gender`, `poto_id`, `country`, `city`, `languages`, `what_to_want`) VALUES ('18', '2014-05-10 22:51:51', 'Hilma', 'Niko', 'magnam', '138a672bd0f18aa4db5ef8600e22306d38fa725c', 'mgleason@example.com', '203734', '95296522', 'M', '18', 'Denmark', 'Barrowsside', 'cn', 'Sint autem possimus ex modi commodi. Perspiciatis beatae magni debitis odit vel. In sapiente voluptate ipsa eligendi. Ducimus qui modi natus ut sed.');
INSERT INTO `tourists` (`id`, `registration_date`, `first_name`, `second_name`, `login`, `passwords`, `email`, `phone`, `age`, `gender`, `poto_id`, `country`, `city`, `languages`, `what_to_want`) VALUES ('19', '1994-07-13 23:00:40', 'Lyda', 'Ozella', 'placeat', '2b8773efd72446650380c07b2b14bfdc10c98521', 'fstark@example.net', '840', '904316', 'M', '19', 'Anguilla', 'Mayerthaven', 'it', 'Et veniam neque voluptas commodi tenetur ut quis. Inventore dolor quis dicta sed. Quos et laudantium recusandae modi itaque vel nihil facilis.');
INSERT INTO `tourists` (`id`, `registration_date`, `first_name`, `second_name`, `login`, `passwords`, `email`, `phone`, `age`, `gender`, `poto_id`, `country`, `city`, `languages`, `what_to_want`) VALUES ('20', '1979-01-14 12:11:33', 'Ava', 'Jevon', 'nemo', 'd22c052011ddba825fe7b41d096703ddcb35e38d', 'ryan.jayda@example.com', '976', '2893294', 'P', '20', 'Bouvet Island (Bouvetoya)', 'New Dawsonfurt', 'cn', 'Sunt aut voluptatem laborum non. Omnis voluptatum similique fugit eius alias maxime qui. Consequuntur et perferendis est consequatur. Consequatur et sunt modi.');
INSERT INTO `tourists` (`id`, `registration_date`, `first_name`, `second_name`, `login`, `passwords`, `email`, `phone`, `age`, `gender`, `poto_id`, `country`, `city`, `languages`, `what_to_want`) VALUES ('21', '1992-07-18 05:35:35', 'Alexandrine', 'Doug', 'incidunt', 'beb930a3d092b17ffca16bd6888a71d3f2d2c298', 'abbigail07@example.com', '185', '6', 'P', '21', 'Guyana', 'Port Cody', 'fr', 'Rem dignissimos officia quaerat mollitia deserunt impedit. Aperiam illum expedita aspernatur sequi enim aperiam dolores amet. Et dolorem minima saepe. Qui iure dicta voluptatem eius.');
INSERT INTO `tourists` (`id`, `registration_date`, `first_name`, `second_name`, `login`, `passwords`, `email`, `phone`, `age`, `gender`, `poto_id`, `country`, `city`, `languages`, `what_to_want`) VALUES ('22', '2015-01-20 17:44:16', 'Harry', 'Dameon', 'autem', '6d2fa61d9b7860bb4fc4674f61278b61a9badbfe', 'fisher.xzavier@example.net', '922093', '9337', 'M', '22', 'Northern Mariana Islands', 'Neomaville', 'ru', 'Fugit laudantium dignissimos est deserunt et. In sit doloremque numquam aut voluptatibus quia. Non fuga voluptates ipsum voluptas autem qui. Earum pariatur et aut distinctio non.');
INSERT INTO `tourists` (`id`, `registration_date`, `first_name`, `second_name`, `login`, `passwords`, `email`, `phone`, `age`, `gender`, `poto_id`, `country`, `city`, `languages`, `what_to_want`) VALUES ('23', '1975-07-18 15:47:33', 'Alfred', 'Terrell', 'molestias', '50873c2fbcf196545ae2cb19334d085bb0d08774', 'yroob@example.com', '218051', '9', 'P', '23', 'Gambia', 'Lake Cruzburgh', 'fr', 'Deserunt et eos quas accusamus et et rem. Aperiam et accusantium mollitia cumque non occaecati. Consequatur tenetur cumque earum ipsam ea voluptatem.');
INSERT INTO `tourists` (`id`, `registration_date`, `first_name`, `second_name`, `login`, `passwords`, `email`, `phone`, `age`, `gender`, `poto_id`, `country`, `city`, `languages`, `what_to_want`) VALUES ('24', '1999-07-17 01:45:31', 'Tracey', 'Berneice', 'eos', '2582c99fec6f095d1e8ba98cb77ca3f9581125b7', 'alex.renner@example.org', '899', '4922027', 'M', '24', 'Pitcairn Islands', 'North Garett', 'en', 'Rem sunt eveniet deserunt ullam minus. Aliquid et in quibusdam ratione. Sed rerum repellendus illum temporibus dolorem voluptatem. Accusamus harum ab rerum debitis dolorem repellat eius.');
INSERT INTO `tourists` (`id`, `registration_date`, `first_name`, `second_name`, `login`, `passwords`, `email`, `phone`, `age`, `gender`, `poto_id`, `country`, `city`, `languages`, `what_to_want`) VALUES ('25', '2019-02-14 18:19:18', 'Bartholome', 'Eino', 'atque', 'a50bf7b7e53f347dc26eb464d5cd1127c3547d07', 'otto.gislason@example.net', '4891100836', '92', 'D', '25', 'French Southern Territories', 'Rheaberg', 'it', 'Consequatur iure incidunt a id. Velit consequatur dolorem doloremque nihil et hic consequatur. Facilis aspernatur quibusdam ullam pariatur nam tempora.');
INSERT INTO `tourists` (`id`, `registration_date`, `first_name`, `second_name`, `login`, `passwords`, `email`, `phone`, `age`, `gender`, `poto_id`, `country`, `city`, `languages`, `what_to_want`) VALUES ('26', '1987-05-30 09:05:20', 'Gudrun', 'Elisha', 'occaecati', 'cb7892d17cef1650281aa5515b489f904c79250e', 'kuhn.justen@example.com', '613184230', '55007', 'P', '26', 'Nepal', 'New Miracleview', 'pt', 'Omnis omnis debitis at tempora. Cupiditate amet tempora sequi sit possimus est. Aut rem et eum nesciunt in temporibus et. Unde quis deleniti repellat nostrum laborum eveniet.');
INSERT INTO `tourists` (`id`, `registration_date`, `first_name`, `second_name`, `login`, `passwords`, `email`, `phone`, `age`, `gender`, `poto_id`, `country`, `city`, `languages`, `what_to_want`) VALUES ('27', '1996-01-22 21:54:38', 'Thomas', 'Meredith', 'saepe', '5eb56ea3cbf541378881f1c21d03e8edd01c746d', 'lydia36@example.com', '0', '855', 'D', '27', 'Cayman Islands', 'South Marcomouth', 'de', 'Temporibus omnis ipsa et. Itaque officia quis omnis aut laboriosam natus. Vero qui recusandae dolore labore cum voluptatem.');
INSERT INTO `tourists` (`id`, `registration_date`, `first_name`, `second_name`, `login`, `passwords`, `email`, `phone`, `age`, `gender`, `poto_id`, `country`, `city`, `languages`, `what_to_want`) VALUES ('28', '1980-03-05 02:20:49', 'Hillary', 'Ibrahim', 'at', '99914bbb5d4c98511aacfbf36f2dabd629c65b15', 'mswaniawski@example.net', '2086125401', '843643', 'D', '28', 'Oman', 'Jensenton', 'de', 'Sit nam corporis nisi est. Facere totam debitis alias repudiandae. Quas quo et quam deleniti voluptatem. Aliquam id nostrum ut iusto atque explicabo suscipit.');
INSERT INTO `tourists` (`id`, `registration_date`, `first_name`, `second_name`, `login`, `passwords`, `email`, `phone`, `age`, `gender`, `poto_id`, `country`, `city`, `languages`, `what_to_want`) VALUES ('29', '1981-11-20 11:03:31', 'Blair', 'Donna', 'rem', 'ce17258fd794676e65e07ade2cb5739de32b9496', 'hellen79@example.net', '435920', '90', 'D', '29', 'Palau', 'Schmelermouth', 'de', 'Qui hic est dolorem magni sint. Perferendis et aperiam non blanditiis nam. Enim ratione dolores molestias optio vel.');
INSERT INTO `tourists` (`id`, `registration_date`, `first_name`, `second_name`, `login`, `passwords`, `email`, `phone`, `age`, `gender`, `poto_id`, `country`, `city`, `languages`, `what_to_want`) VALUES ('30', '1982-12-01 00:04:40', 'Laurence', 'Violet', 'ea', 'e4b47dc776b6e5a431eaf2f7f7b53b7e895752a6', 'dana.schmidt@example.com', '0', '0', 'M', '30', 'Luxembourg', 'Port Tobin', 'fr', 'Maxime ut facere iste rem nihil accusantium aut quis. Incidunt aut expedita corrupti dolore asperiores est minima. Nesciunt consequatur ut eum quia id exercitationem laudantium.');
INSERT INTO `tourists` (`id`, `registration_date`, `first_name`, `second_name`, `login`, `passwords`, `email`, `phone`, `age`, `gender`, `poto_id`, `country`, `city`, `languages`, `what_to_want`) VALUES ('31', '2020-04-05 18:27:37', 'Abbey', 'Paula', 'sint', '8a93449878ce0bedf1291f4d5d95174e323436dd', 'gutmann.coty@example.org', '78', '688', 'M', '31', 'Dominica', 'West Mavis', 'fr', 'Non officiis assumenda dolor vel debitis dolores. Doloribus totam molestias suscipit aut. Quibusdam consectetur voluptatem perferendis nostrum.');
INSERT INTO `tourists` (`id`, `registration_date`, `first_name`, `second_name`, `login`, `passwords`, `email`, `phone`, `age`, `gender`, `poto_id`, `country`, `city`, `languages`, `what_to_want`) VALUES ('32', '1999-10-29 21:20:38', 'Jeanette', 'Assunta', 'illo', '45441b0ad9de7f1a81987256e38387f8982bfba6', 'tlakin@example.org', '0', '0', 'M', '32', 'Montenegro', 'East Weston', 'es', 'Expedita ut a porro maxime et culpa a. Consequatur qui aspernatur quisquam placeat quod quam.');
INSERT INTO `tourists` (`id`, `registration_date`, `first_name`, `second_name`, `login`, `passwords`, `email`, `phone`, `age`, `gender`, `poto_id`, `country`, `city`, `languages`, `what_to_want`) VALUES ('33', '1979-04-09 21:35:09', 'Estevan', 'Patsy', 'aliquam', '21221e4906e6324ca4413ec283407564d0d5a341', 'emelie.weissnat@example.org', '1', '2368', 'M', '33', 'Falkland Islands (Malvinas)', 'West Georgette', 'ru', 'Vel voluptatum natus autem corporis vel. Sunt qui deleniti ut alias eos voluptas et.');
INSERT INTO `tourists` (`id`, `registration_date`, `first_name`, `second_name`, `login`, `passwords`, `email`, `phone`, `age`, `gender`, `poto_id`, `country`, `city`, `languages`, `what_to_want`) VALUES ('34', '1998-03-08 01:16:58', 'Albina', 'Enos', 'et', '9f8027f5c8313a9b0f263094685926d8f26b9f42', 'ernesto09@example.org', '418017', '5078', 'P', '34', 'Kenya', 'Port Viva', 'cn', 'Mollitia eaque vero non ut voluptate vero. Nulla doloribus explicabo laudantium omnis earum. Atque non praesentium vero autem voluptatibus est. Ea quis velit consectetur molestiae aut eos quasi.');
INSERT INTO `tourists` (`id`, `registration_date`, `first_name`, `second_name`, `login`, `passwords`, `email`, `phone`, `age`, `gender`, `poto_id`, `country`, `city`, `languages`, `what_to_want`) VALUES ('35', '1977-06-17 18:57:36', 'Braxton', 'Rosemarie', 'id', '913b505ef0e090f16702a2904290de43ebe02436', 'marcelle.dubuque@example.com', '0', '544', 'D', '35', 'Bolivia', 'West Grace', 'de', 'Architecto maiores consectetur ut rerum enim. Inventore iusto animi at aut. Ad pariatur soluta dolorum commodi eligendi. Ad autem iure dignissimos quo ab molestias id enim.');
INSERT INTO `tourists` (`id`, `registration_date`, `first_name`, `second_name`, `login`, `passwords`, `email`, `phone`, `age`, `gender`, `poto_id`, `country`, `city`, `languages`, `what_to_want`) VALUES ('36', '1977-06-11 17:35:18', 'Brando', 'Audra', 'error', '076bcdd2a9c2a6edd7f6e79f25a661bf8c44b01f', 'conn.breanne@example.net', '0', '581198479', 'P', '36', 'Papua New Guinea', 'Port Edwardo', 'it', 'Nemo omnis eius expedita ea odio rerum. Voluptatum quas tenetur laudantium rerum vero ea deserunt vel. Ea velit et blanditiis tenetur.');
INSERT INTO `tourists` (`id`, `registration_date`, `first_name`, `second_name`, `login`, `passwords`, `email`, `phone`, `age`, `gender`, `poto_id`, `country`, `city`, `languages`, `what_to_want`) VALUES ('37', '2000-06-21 04:25:24', 'Kavon', 'Delpha', 'earum', 'd1c56d11c12d8c8ae1aaf4c811568e92e8fde0e7', 'amie.volkman@example.org', '0', '24', 'M', '37', 'South Georgia and the South Sandwich Islands', 'North Kiaraborough', 'es', 'Ipsum alias hic molestias velit impedit itaque. Sint sunt voluptatibus architecto velit officiis eligendi ea. Quia laboriosam recusandae quasi ratione nihil atque ducimus maxime.');
INSERT INTO `tourists` (`id`, `registration_date`, `first_name`, `second_name`, `login`, `passwords`, `email`, `phone`, `age`, `gender`, `poto_id`, `country`, `city`, `languages`, `what_to_want`) VALUES ('38', '1971-05-30 20:47:33', 'Noemie', 'Ozella', 'pariatur', '71fc40c2b5cad6149aab1f6f9b36d28a6dbadd4a', 'kuhic.mallie@example.com', '431387', '0', 'D', '38', 'Brazil', 'South Jennyferborough', 'es', 'Nemo libero occaecati ad omnis quos dolorum. Eligendi voluptas omnis recusandae id modi ipsum omnis. Qui magni alias sunt deleniti. Consequatur rerum placeat est repellendus harum.');
INSERT INTO `tourists` (`id`, `registration_date`, `first_name`, `second_name`, `login`, `passwords`, `email`, `phone`, `age`, `gender`, `poto_id`, `country`, `city`, `languages`, `what_to_want`) VALUES ('39', '1999-01-07 17:46:43', 'Aurelie', 'Diego', 'commodi', '71a2f6fd9a0177168e43f0251d9b92f37254b0f9', 'jose.kling@example.com', '233', '336114', 'P', '39', 'Antigua and Barbuda', 'New Doug', 'ru', 'Qui fugit voluptates esse doloribus cumque mollitia qui. Vero qui illum qui sint asperiores. Provident magni consectetur ab temporibus corrupti. Suscipit rem dolores maxime.');
INSERT INTO `tourists` (`id`, `registration_date`, `first_name`, `second_name`, `login`, `passwords`, `email`, `phone`, `age`, `gender`, `poto_id`, `country`, `city`, `languages`, `what_to_want`) VALUES ('40', '2015-05-31 14:18:50', 'Dana', 'Daniela', 'similique', '124b9437f9f40ef3e12359f8110d062d1a5ad7d4', 'kathleen52@example.net', '1', '99', 'D', '40', 'Vietnam', 'Vedahaven', 'cn', 'Et quia qui culpa quae vero. Hic maiores dolores inventore modi qui adipisci odit. Illo omnis omnis optio eius corrupti aut ad. Quasi nihil vel cumque nostrum.');
INSERT INTO `tourists` (`id`, `registration_date`, `first_name`, `second_name`, `login`, `passwords`, `email`, `phone`, `age`, `gender`, `poto_id`, `country`, `city`, `languages`, `what_to_want`) VALUES ('41', '2012-04-03 23:44:55', 'Stacy', 'Mose', 'voluptatem', '87ccc5b3deaa12a985b042b19410c8b709fd4ceb', 'howe.patience@example.net', '495', '5', 'M', '41', 'Oman', 'Keelyborough', 'es', 'Dicta totam ratione sit placeat omnis qui voluptatem. Laborum dignissimos unde molestiae vitae quas in consequuntur. Praesentium quasi est voluptatem minus eveniet dolor officiis.');
INSERT INTO `tourists` (`id`, `registration_date`, `first_name`, `second_name`, `login`, `passwords`, `email`, `phone`, `age`, `gender`, `poto_id`, `country`, `city`, `languages`, `what_to_want`) VALUES ('42', '2001-11-19 05:13:30', 'Edison', 'Rhea', 'nobis', 'e1069687a2fe57c13f1aac6422ba5be561baf0e0', 'lbuckridge@example.com', '0', '64', 'P', '42', 'El Salvador', 'Port Marielle', 'pt', 'Sunt dolorum tenetur consequatur magnam tenetur. Repellat dolorem quis incidunt ut corrupti vel. Laboriosam omnis pariatur perspiciatis voluptates ea officiis.');
INSERT INTO `tourists` (`id`, `registration_date`, `first_name`, `second_name`, `login`, `passwords`, `email`, `phone`, `age`, `gender`, `poto_id`, `country`, `city`, `languages`, `what_to_want`) VALUES ('43', '1984-09-11 03:24:23', 'Lisette', 'Cristina', 'iste', '2caf2d4fd2813f331b07cde03a192c06446e649d', 'hmueller@example.net', '892', '4074', 'M', '43', 'French Guiana', 'New Preston', 'es', 'Sed minima voluptatem in doloribus veniam. Occaecati aliquam ut sed soluta laboriosam nostrum dignissimos.');
INSERT INTO `tourists` (`id`, `registration_date`, `first_name`, `second_name`, `login`, `passwords`, `email`, `phone`, `age`, `gender`, `poto_id`, `country`, `city`, `languages`, `what_to_want`) VALUES ('44', '2012-07-11 21:47:57', 'Jillian', 'Aurelio', 'neque', '52d16784fe9139544c2f6a7c356c3fbe67de6ef1', 'shawn69@example.org', '880992', '74', 'P', '44', 'Niue', 'Gorczanyhaven', 'ru', 'Vitae magnam deleniti ullam voluptas. Omnis qui aut atque reiciendis. Neque iure nam nihil eveniet ut excepturi velit.\nDolore nihil numquam sunt fugit nisi. Perferendis sit sed tenetur fuga.');
INSERT INTO `tourists` (`id`, `registration_date`, `first_name`, `second_name`, `login`, `passwords`, `email`, `phone`, `age`, `gender`, `poto_id`, `country`, `city`, `languages`, `what_to_want`) VALUES ('45', '2005-06-19 22:29:12', 'Clemens', 'Verna', 'impedit', '3d77a15ffeda895e6e74f599055ab7b8b4e8b8d2', 'beier.bailey@example.net', '1', '10', 'D', '45', 'New Zealand', 'North Janae', 'pt', 'Fuga quam tempore sunt aut. Totam at totam tempore reprehenderit numquam voluptatem repudiandae. Velit neque ipsa omnis eum ut autem.');
INSERT INTO `tourists` (`id`, `registration_date`, `first_name`, `second_name`, `login`, `passwords`, `email`, `phone`, `age`, `gender`, `poto_id`, `country`, `city`, `languages`, `what_to_want`) VALUES ('46', '2013-03-14 01:42:12', 'Kyla', 'Alden', 'dolores', 'f0d52770205b403657aeb59e5c20d33fe6392c94', 'bertrand46@example.com', '749840', '3906399', 'M', '46', 'United Kingdom', 'Hudsonmouth', 'cn', 'Inventore ex in enim officia quas ut earum. Et et dolor et aut soluta amet.\nConsequuntur nemo ad nam. Aut et libero odit officiis inventore. Mollitia fuga cumque ut. Numquam ducimus et rem qui qui.');
INSERT INTO `tourists` (`id`, `registration_date`, `first_name`, `second_name`, `login`, `passwords`, `email`, `phone`, `age`, `gender`, `poto_id`, `country`, `city`, `languages`, `what_to_want`) VALUES ('47', '1977-06-09 18:24:37', 'Pearl', 'Jairo', 'sed', 'c6dc828b62cfd67d732f0f656776d564681b4773', 'dayana.ondricka@example.org', '920', '3146', 'M', '47', 'Ethiopia', 'Deloresburgh', 'en', 'Assumenda corporis nobis amet natus. Ut doloribus expedita accusamus id distinctio dolores earum. Cum temporibus asperiores tempora.');
INSERT INTO `tourists` (`id`, `registration_date`, `first_name`, `second_name`, `login`, `passwords`, `email`, `phone`, `age`, `gender`, `poto_id`, `country`, `city`, `languages`, `what_to_want`) VALUES ('48', '1970-10-02 02:21:53', 'Katherine', 'Tierra', 'aut', 'da3bc493d996379350d19f4b271d83c33c1bd44f', 'amy74@example.org', '0', '237272', 'P', '48', 'Lithuania', 'Lake Javon', 'ru', 'Fugiat quos doloremque ipsa et qui maxime officia. Qui quam fugit quisquam accusamus commodi. Dicta quia rem quis eligendi vitae doloremque ratione.');
INSERT INTO `tourists` (`id`, `registration_date`, `first_name`, `second_name`, `login`, `passwords`, `email`, `phone`, `age`, `gender`, `poto_id`, `country`, `city`, `languages`, `what_to_want`) VALUES ('49', '1976-10-27 11:47:31', 'Tremayne', 'Kacey', 'non', 'a2ac3f425e54ed04c7b3f93cf22753f47b5ae74a', 'becker.dereck@example.net', '1', '618270897', 'M', '49', 'India', 'Port Jailynbury', 'it', 'Nemo et quis sed. Est nesciunt est eius qui non cupiditate provident. Ipsam ab debitis reprehenderit voluptas aspernatur rem mollitia. Cumque cumque fugit officiis quo sit aut eum unde.');
INSERT INTO `tourists` (`id`, `registration_date`, `first_name`, `second_name`, `login`, `passwords`, `email`, `phone`, `age`, `gender`, `poto_id`, `country`, `city`, `languages`, `what_to_want`) VALUES ('50', '1994-06-18 14:30:12', 'Gerardo', 'Green', 'sint', 'cb753bf4d401ffcf8e69577a7e1ec24046503c3c', 'larry.torphy@example.com', '1', '21653', 'M', '50', 'Nauru', 'South Mossietown', 'cn', 'Vel dolores illum corrupti et eveniet pariatur molestiae. Error rerum ipsa et rem. Ut quasi et odit odio accusamus rem rerum.');
INSERT INTO `tourists` (`id`, `registration_date`, `first_name`, `second_name`, `login`, `passwords`, `email`, `phone`, `age`, `gender`, `poto_id`, `country`, `city`, `languages`, `what_to_want`) VALUES ('51', '1981-04-23 21:48:56', 'Ivy', 'Abigayle', 'ex', '9df7f39c51b4f517195380d724b7093705fcabba', 'kristina18@example.net', '0', '9027786', 'D', '51', 'United States of America', 'Lelahview', 'de', 'Voluptas fugit animi praesentium perspiciatis nobis. Rerum sit praesentium iure totam. Eos fuga iusto explicabo repellendus illum eligendi asperiores qui.');
INSERT INTO `tourists` (`id`, `registration_date`, `first_name`, `second_name`, `login`, `passwords`, `email`, `phone`, `age`, `gender`, `poto_id`, `country`, `city`, `languages`, `what_to_want`) VALUES ('52', '1996-08-29 01:30:28', 'Elias', 'Mazie', 'nihil', 'a438b2c4ce544e9a4a6d86bc0279923410d68252', 'marcelina42@example.net', '0', '60144064', 'P', '52', 'Suriname', 'Ryannmouth', 'it', 'Eaque aut qui et quo. Cupiditate blanditiis eligendi qui. Illum facere exercitationem cum nam dolores eum quo. Molestiae enim distinctio consequatur quo.');
INSERT INTO `tourists` (`id`, `registration_date`, `first_name`, `second_name`, `login`, `passwords`, `email`, `phone`, `age`, `gender`, `poto_id`, `country`, `city`, `languages`, `what_to_want`) VALUES ('53', '1989-02-25 08:11:52', 'Marilie', 'Evie', 'dolorem', 'ac8d49bf1d1b4426320e738c1fe5ff0a0205c230', 'dach.sydnie@example.com', '0', '0', 'M', '53', 'Iran', 'Abernathybury', 'cn', 'Dolor aliquam error cupiditate ut enim. Blanditiis reiciendis nobis quisquam consequatur autem non velit. Quisquam laborum exercitationem distinctio facere incidunt at dolorum.');
INSERT INTO `tourists` (`id`, `registration_date`, `first_name`, `second_name`, `login`, `passwords`, `email`, `phone`, `age`, `gender`, `poto_id`, `country`, `city`, `languages`, `what_to_want`) VALUES ('54', '1990-08-30 15:43:20', 'Lew', 'Jermey', 'asperiores', 'f709cf0cb51514c2c54cfeb4e7a371872b2185a2', 'schamberger.nora@example.org', '51221', '6', 'D', '54', 'Anguilla', 'New Guyborough', 'ru', 'Rerum voluptates quo excepturi voluptatem sunt. Fugiat perferendis voluptatem reiciendis nemo et et.');
INSERT INTO `tourists` (`id`, `registration_date`, `first_name`, `second_name`, `login`, `passwords`, `email`, `phone`, `age`, `gender`, `poto_id`, `country`, `city`, `languages`, `what_to_want`) VALUES ('55', '2003-10-05 10:21:08', 'Amanda', 'Claudine', 'velit', '7e393cfb6b7d31bff8d3cf85ce340682856b56d2', 'maud40@example.org', '8941333124', '4712802', 'M', '55', 'Jamaica', 'Othaburgh', 'en', 'Labore et nostrum doloremque impedit. Corrupti amet perferendis odio impedit.');
INSERT INTO `tourists` (`id`, `registration_date`, `first_name`, `second_name`, `login`, `passwords`, `email`, `phone`, `age`, `gender`, `poto_id`, `country`, `city`, `languages`, `what_to_want`) VALUES ('56', '1998-06-10 05:44:48', 'Richmond', 'Reece', 'quis', '463b1a36461619be9c32eef36d2a9d9be297a365', 'hbeahan@example.com', '307', '45032723', 'M', '56', 'Albania', 'Gutkowskiberg', 'pt', 'Iste qui cumque et. Qui aut inventore ut sed. Sit blanditiis rerum perferendis ea atque aperiam.');
INSERT INTO `tourists` (`id`, `registration_date`, `first_name`, `second_name`, `login`, `passwords`, `email`, `phone`, `age`, `gender`, `poto_id`, `country`, `city`, `languages`, `what_to_want`) VALUES ('57', '2009-10-16 23:22:45', 'Thurman', 'Maymie', 'non', 'b1cfa2a200a3165b152ac687a847689be3c52bd6', 'spencer.barton@example.com', '409', '0', 'P', '57', 'Morocco', 'Lake Lindaburgh', 'cn', 'Dolore ipsa sequi in dignissimos quidem. Saepe voluptatem ex ducimus distinctio quis et. Ipsa necessitatibus tenetur rerum voluptatem laudantium adipisci soluta officiis.');
INSERT INTO `tourists` (`id`, `registration_date`, `first_name`, `second_name`, `login`, `passwords`, `email`, `phone`, `age`, `gender`, `poto_id`, `country`, `city`, `languages`, `what_to_want`) VALUES ('58', '1990-06-01 12:32:12', 'Winifred', 'Edd', 'suscipit', '2c6b81778d58518af5591ecea8271e1b842d0d49', 'werner.langworth@example.com', '1', '568', 'P', '58', 'Madagascar', 'Port Terrillmouth', 'pt', 'Libero reprehenderit minima sequi quaerat et. Quis vero veniam harum voluptas incidunt exercitationem.');
INSERT INTO `tourists` (`id`, `registration_date`, `first_name`, `second_name`, `login`, `passwords`, `email`, `phone`, `age`, `gender`, `poto_id`, `country`, `city`, `languages`, `what_to_want`) VALUES ('59', '2005-03-27 02:19:59', 'Ora', 'Kallie', 'illum', 'dabd7968adb172e091b9c365268a6ef72aba9c5a', 'qadams@example.org', '662', '4586', 'M', '59', 'Czech Republic', 'West Rowland', 'fr', 'Eligendi magni id provident deserunt sed et. Ullam quo aut nesciunt facere modi voluptas. Vero et molestias nostrum nisi sunt. Voluptas quidem omnis corrupti alias sint ea voluptatem.');
INSERT INTO `tourists` (`id`, `registration_date`, `first_name`, `second_name`, `login`, `passwords`, `email`, `phone`, `age`, `gender`, `poto_id`, `country`, `city`, `languages`, `what_to_want`) VALUES ('60', '1998-08-13 18:14:48', 'Humberto', 'Chesley', 'praesentium', 'c762739b1f9e8583872369e18b99de04640bd2b6', 'haag.vergie@example.net', '6431865444', '2951647', 'M', '60', 'Guinea', 'North Therese', 'fr', 'Error deleniti itaque fuga cupiditate. Placeat molestiae minus laboriosam nihil qui necessitatibus mollitia. Consequatur id explicabo neque optio sunt et vitae. Ut sit enim quibusdam vel.');
INSERT INTO `tourists` (`id`, `registration_date`, `first_name`, `second_name`, `login`, `passwords`, `email`, `phone`, `age`, `gender`, `poto_id`, `country`, `city`, `languages`, `what_to_want`) VALUES ('61', '2017-10-17 22:26:05', 'Sydney', 'Morton', 'dolore', '6b492caecbe9f699ce111f80dad0b56e9aee39c3', 'lzemlak@example.org', '694', '3607', 'D', '61', 'Panama', 'Legrosville', 'cn', 'Autem cupiditate maiores aut ipsam. Sunt qui voluptatem rerum nisi. Error in ab ut et. Voluptas assumenda ut fugit quidem.');
INSERT INTO `tourists` (`id`, `registration_date`, `first_name`, `second_name`, `login`, `passwords`, `email`, `phone`, `age`, `gender`, `poto_id`, `country`, `city`, `languages`, `what_to_want`) VALUES ('62', '1981-07-27 09:39:23', 'Darron', 'Humberto', 'aut', 'fe45a377cc0cbb93ed52f255a83ceaa645118add', 'rowe.michael@example.net', '14', '639653', 'P', '62', 'Romania', 'Port Karolannton', 'cn', 'Voluptas voluptatem iure et aut quae et deleniti laborum. Ut ut necessitatibus perspiciatis perferendis. Impedit in enim ad fugit aut minus.');
INSERT INTO `tourists` (`id`, `registration_date`, `first_name`, `second_name`, `login`, `passwords`, `email`, `phone`, `age`, `gender`, `poto_id`, `country`, `city`, `languages`, `what_to_want`) VALUES ('63', '2000-06-25 05:24:35', 'Nathan', 'Serena', 'molestiae', 'b4ea902193dab016a8a32ea7d5a5abc09238689b', 'pconn@example.org', '8972178424', '223', 'P', '63', 'Macedonia', 'Lake Kaitlynchester', 'it', 'Porro ex harum sapiente voluptatem et. Minus itaque et eveniet dolor dolores dolore tenetur. Adipisci saepe non mollitia in rerum adipisci vel.');
INSERT INTO `tourists` (`id`, `registration_date`, `first_name`, `second_name`, `login`, `passwords`, `email`, `phone`, `age`, `gender`, `poto_id`, `country`, `city`, `languages`, `what_to_want`) VALUES ('64', '1999-05-28 09:31:12', 'Jolie', 'Nicolas', 'suscipit', 'f7c66d7bdb51e52395f500dadf12e9053fd8826d', 'darius.leffler@example.net', '0', '6679', 'D', '64', 'Marshall Islands', 'East Ada', 'it', 'Qui vitae reprehenderit dolores quis. Non reprehenderit accusamus quibusdam sed ea. Recusandae et sed error.\nEt qui dolorem et vel et voluptatem reprehenderit aperiam. Repellat illum minima est.');
INSERT INTO `tourists` (`id`, `registration_date`, `first_name`, `second_name`, `login`, `passwords`, `email`, `phone`, `age`, `gender`, `poto_id`, `country`, `city`, `languages`, `what_to_want`) VALUES ('65', '2015-02-02 15:02:51', 'Erika', 'Ora', 'odio', 'ed53efefdd2106720606546fcb2311307de55f28', 'jkulas@example.com', '350', '6138010', 'M', '65', 'Cayman Islands', 'Yvonneville', 'cn', 'Magni quia quo mollitia aut quisquam. Natus consequatur eveniet qui eius quod. Non non ipsam ducimus consequatur enim.');
INSERT INTO `tourists` (`id`, `registration_date`, `first_name`, `second_name`, `login`, `passwords`, `email`, `phone`, `age`, `gender`, `poto_id`, `country`, `city`, `languages`, `what_to_want`) VALUES ('66', '1995-08-11 17:54:59', 'Alexander', 'Jessyca', 'enim', '47ef783862cddfb671fc97a809aa14eb98627116', 'annamae09@example.net', '0', '93582124', 'M', '66', 'Afghanistan', 'Bartolettifort', 'pt', 'Laboriosam quia sunt asperiores voluptas repellendus reprehenderit cupiditate. Et aut est odio delectus. Consequatur neque quibusdam laboriosam maxime rerum maiores iure ullam.');
INSERT INTO `tourists` (`id`, `registration_date`, `first_name`, `second_name`, `login`, `passwords`, `email`, `phone`, `age`, `gender`, `poto_id`, `country`, `city`, `languages`, `what_to_want`) VALUES ('67', '1999-11-01 07:31:45', 'Janiya', 'Elisa', 'enim', 'dcef1faf6735860072a0cc98110b0ae10fab9e0a', 'icorwin@example.org', '917', '1798', 'D', '67', 'Namibia', 'Purdyside', 'cn', 'Dolor maxime aut quod eum est molestiae. Et accusamus velit aut voluptatem ea. Beatae tempore commodi est et id.');
INSERT INTO `tourists` (`id`, `registration_date`, `first_name`, `second_name`, `login`, `passwords`, `email`, `phone`, `age`, `gender`, `poto_id`, `country`, `city`, `languages`, `what_to_want`) VALUES ('68', '1995-05-04 03:31:52', 'Mohamed', 'Albert', 'voluptas', '1daa781c63c3e2a60a2c31bc02d51c72996c50a5', 'bobby.littel@example.com', '84407', '950765694', 'M', '68', 'Svalbard & Jan Mayen Islands', 'Lake Wellingtonfurt', 'de', 'Omnis amet ipsa dolorem aut. Sit rerum sit nostrum quis minima aut aut aut. Delectus vitae ducimus eius. Ut itaque natus vitae non.');
INSERT INTO `tourists` (`id`, `registration_date`, `first_name`, `second_name`, `login`, `passwords`, `email`, `phone`, `age`, `gender`, `poto_id`, `country`, `city`, `languages`, `what_to_want`) VALUES ('69', '1995-08-24 19:33:58', 'Cydney', 'Kody', 'et', 'b52e09bb99a0064420f9efb4f0975a2e9814b546', 'gerlach.hank@example.com', '617344', '8234740', 'D', '69', 'Colombia', 'Lake Jacebury', 'it', 'Recusandae provident corrupti doloribus tempora sint ab. Fuga alias exercitationem quos nemo velit fugit. Hic quia fugiat repellendus est.');
INSERT INTO `tourists` (`id`, `registration_date`, `first_name`, `second_name`, `login`, `passwords`, `email`, `phone`, `age`, `gender`, `poto_id`, `country`, `city`, `languages`, `what_to_want`) VALUES ('70', '1979-08-19 20:52:36', 'Harold', 'Daisha', 'numquam', '3b03cae46972fe0b7cf8bb2b68b733b821275aac', 'queen.blanda@example.org', '0', '179553282', 'M', '70', 'India', 'Wolfburgh', 'ru', 'Numquam consequatur nemo eius eum unde corrupti. Debitis magnam id id excepturi. Et est recusandae quaerat et veritatis omnis incidunt.');
INSERT INTO `tourists` (`id`, `registration_date`, `first_name`, `second_name`, `login`, `passwords`, `email`, `phone`, `age`, `gender`, `poto_id`, `country`, `city`, `languages`, `what_to_want`) VALUES ('71', '1987-07-26 11:52:32', 'Breanne', 'Emelia', 'veniam', '4d922b83521ed78bf1c5931e713a1d98b0a860c5', 'greenholt.mayra@example.org', '8678764008', '535207', 'D', '71', 'Bulgaria', 'Cronaton', 'it', 'Maxime dolore ipsam omnis aut necessitatibus quaerat. Facere saepe dicta exercitationem aut ullam. In tempore et sit qui quae.');
INSERT INTO `tourists` (`id`, `registration_date`, `first_name`, `second_name`, `login`, `passwords`, `email`, `phone`, `age`, `gender`, `poto_id`, `country`, `city`, `languages`, `what_to_want`) VALUES ('72', '2006-12-11 03:22:27', 'Cedrick', 'Enoch', 'numquam', '9345bc8c875dfdff469d615c03f6a587b2b15777', 'schultz.brice@example.net', '385', '7', 'D', '72', 'Mexico', 'Hermanburgh', 'fr', 'Est quae facere sint mollitia quos eum consequuntur. Exercitationem dolor in placeat ducimus dolorum laudantium fuga. Ipsam nobis enim unde dolor dolore ratione vel.');
INSERT INTO `tourists` (`id`, `registration_date`, `first_name`, `second_name`, `login`, `passwords`, `email`, `phone`, `age`, `gender`, `poto_id`, `country`, `city`, `languages`, `what_to_want`) VALUES ('73', '1979-02-11 21:31:55', 'Liliana', 'Nelson', 'mollitia', '1f98d917d5d355dbaa2dded2b6daa194b3469581', 'ulises.welch@example.net', '0', '5864', 'D', '73', 'Nicaragua', 'Port Deanburgh', 'de', 'Deserunt labore itaque nihil molestiae. In quia commodi sit et animi et incidunt.');
INSERT INTO `tourists` (`id`, `registration_date`, `first_name`, `second_name`, `login`, `passwords`, `email`, `phone`, `age`, `gender`, `poto_id`, `country`, `city`, `languages`, `what_to_want`) VALUES ('74', '1970-10-24 20:59:14', 'Dina', 'Ryann', 'qui', '2e3e7dfade18bc15f79002ed41b25539c4d0ddf4', 'charris@example.net', '0', '9214', 'D', '74', 'Palestinian Territory', 'South Sydniehaven', 'it', 'Rerum doloremque harum recusandae nihil sapiente. Libero eaque nostrum cumque dolores ea. Molestiae repellendus vero nihil. Ipsa quisquam omnis perferendis eius laboriosam sint.');
INSERT INTO `tourists` (`id`, `registration_date`, `first_name`, `second_name`, `login`, `passwords`, `email`, `phone`, `age`, `gender`, `poto_id`, `country`, `city`, `languages`, `what_to_want`) VALUES ('75', '1977-09-29 04:06:25', 'Enid', 'Kenna', 'quae', '99846b35f8196b36608f96e0554c43947e8a7c62', 'owillms@example.net', '718602', '421187160', 'M', '75', 'Brunei Darussalam', 'Pollichborough', 'pt', 'Dolor modi nulla qui quisquam eum iste eos sed. Unde est qui ut fugiat. Quam qui porro hic aut temporibus consectetur voluptate. Dolor facilis optio nostrum possimus.');
INSERT INTO `tourists` (`id`, `registration_date`, `first_name`, `second_name`, `login`, `passwords`, `email`, `phone`, `age`, `gender`, `poto_id`, `country`, `city`, `languages`, `what_to_want`) VALUES ('76', '1997-10-09 08:55:54', 'Tate', 'Andres', 'dolores', 'bf7406355ac02487f1f612053921e14f3c3ea322', 'macey.kassulke@example.net', '0', '689383801', 'M', '76', 'Angola', 'Blickstad', 'en', 'Eius nemo distinctio sequi error. Atque rerum at aut aut omnis magnam molestias. Non dolores et perspiciatis veniam qui voluptatem vel.');
INSERT INTO `tourists` (`id`, `registration_date`, `first_name`, `second_name`, `login`, `passwords`, `email`, `phone`, `age`, `gender`, `poto_id`, `country`, `city`, `languages`, `what_to_want`) VALUES ('77', '1989-06-05 04:26:50', 'Elna', 'Erling', 'cum', 'db1ef490c93ebae7a2314e3b3748b3b02eef51bb', 'zulauf.yasmin@example.net', '0', '47', 'D', '77', 'Georgia', 'Janehaven', 'es', 'Aut aut dolorum deleniti ut velit maxime. Repellendus non est et enim repellendus enim eos. Aperiam dolores illum harum quo culpa.');
INSERT INTO `tourists` (`id`, `registration_date`, `first_name`, `second_name`, `login`, `passwords`, `email`, `phone`, `age`, `gender`, `poto_id`, `country`, `city`, `languages`, `what_to_want`) VALUES ('78', '1986-05-13 23:36:54', 'Monty', 'Wanda', 'esse', 'adc281af65728dbf3c7248435eeeea00f1e83bd0', 'mason79@example.com', '1717359103', '0', 'P', '78', 'Aruba', 'Moriahberg', 'es', 'A quia quis earum. Doloremque voluptatum et quia omnis delectus. Repudiandae dolorum quaerat optio ut.\nMolestiae voluptatem quo iusto architecto nisi. Suscipit dolorem quisquam fuga libero.');
INSERT INTO `tourists` (`id`, `registration_date`, `first_name`, `second_name`, `login`, `passwords`, `email`, `phone`, `age`, `gender`, `poto_id`, `country`, `city`, `languages`, `what_to_want`) VALUES ('79', '1972-03-06 08:28:50', 'Dasia', 'Maddison', 'culpa', '6035cd46a119f59c589214c4e9860e5a787c2f00', 'mary54@example.net', '1', '0', 'D', '79', 'Aruba', 'East Jeannehaven', 'ru', 'Temporibus dolore labore similique. At dolor non sit rerum alias. Temporibus velit nesciunt odit ex voluptas pariatur. Saepe impedit porro voluptates nihil.');
INSERT INTO `tourists` (`id`, `registration_date`, `first_name`, `second_name`, `login`, `passwords`, `email`, `phone`, `age`, `gender`, `poto_id`, `country`, `city`, `languages`, `what_to_want`) VALUES ('80', '1980-05-04 08:19:22', 'Sidney', 'Jennie', 'laboriosam', '359598f40915735f76c1af458a45c2e58a456e4b', 'emmie58@example.com', '1', '0', 'M', '80', 'Mauritania', 'North Rocioport', 'ru', 'Et ut voluptatibus corrupti sunt libero. Consequuntur sunt tempore quo quibusdam sequi libero quasi. Tempore tempore cum aut earum magnam. Dolorum ut sit reiciendis sit.');
INSERT INTO `tourists` (`id`, `registration_date`, `first_name`, `second_name`, `login`, `passwords`, `email`, `phone`, `age`, `gender`, `poto_id`, `country`, `city`, `languages`, `what_to_want`) VALUES ('81', '1971-04-03 09:12:13', 'Terry', 'Toy', 'dolores', 'e9c54c259930c680dc1d35b36252cd53af9c06e2', 'koepp.bettie@example.org', '839683', '234349339', 'D', '81', 'Liberia', 'Sauerbury', 'cn', 'Et nihil accusantium cumque. Perferendis nisi tempora dolorem non molestiae. Repellendus totam possimus est molestiae. Aut dolorum vel esse itaque sit a aut.');
INSERT INTO `tourists` (`id`, `registration_date`, `first_name`, `second_name`, `login`, `passwords`, `email`, `phone`, `age`, `gender`, `poto_id`, `country`, `city`, `languages`, `what_to_want`) VALUES ('82', '1991-07-15 08:33:16', 'Michel', 'Jimmie', 'eum', '2ad83cca5f1532d9192ce3d013b23e25b8ac8d28', 'corrine.koepp@example.net', '1', '436166462', 'P', '82', 'Colombia', 'Lake Kevenland', 'ru', 'Possimus voluptatem voluptatibus est illum. At et molestiae culpa culpa et necessitatibus. Tenetur porro sint et voluptatem ex enim dolorum itaque.');
INSERT INTO `tourists` (`id`, `registration_date`, `first_name`, `second_name`, `login`, `passwords`, `email`, `phone`, `age`, `gender`, `poto_id`, `country`, `city`, `languages`, `what_to_want`) VALUES ('83', '2000-06-12 18:57:36', 'Helena', 'Albina', 'architecto', '1915ac68ac06438f61cfbe0ae9fad85e2599504f', 'odessa.rogahn@example.com', '574', '16751161', 'D', '83', 'Jamaica', 'Salliefort', 'de', 'At ipsam veniam dolore nostrum quae ipsam sunt. Deserunt aut laborum consequuntur ullam ipsam. Beatae consequuntur voluptatem eum ratione distinctio culpa esse autem.');
INSERT INTO `tourists` (`id`, `registration_date`, `first_name`, `second_name`, `login`, `passwords`, `email`, `phone`, `age`, `gender`, `poto_id`, `country`, `city`, `languages`, `what_to_want`) VALUES ('84', '1984-04-09 20:02:08', 'Ruthe', 'Aletha', 'sint', '88db761af7eadabdb0844d0ec3adf757a1852140', 'sigurd.willms@example.com', '1', '39119015', 'M', '84', 'Belize', 'Skylarview', 'de', 'Voluptas ut quae et voluptas similique amet possimus. Dolore eos excepturi quasi et est ut libero.\nAlias atque ex doloremque ex sed. Ut aut laudantium modi. Consequatur voluptas consequuntur sint.');
INSERT INTO `tourists` (`id`, `registration_date`, `first_name`, `second_name`, `login`, `passwords`, `email`, `phone`, `age`, `gender`, `poto_id`, `country`, `city`, `languages`, `what_to_want`) VALUES ('85', '1996-09-24 07:49:05', 'Reginald', 'Kira', 'ullam', '31cb2a102ee43b1c85a818e0690c3fadadedbed8', 'schimmel.laurence@example.net', '3227781855', '213930', 'M', '85', 'Yemen', 'South Mazieport', 'cn', 'Voluptatem rem iure mollitia excepturi. Ipsum non iusto et quia numquam provident quo. Quasi amet atque possimus laborum sint omnis fuga. Quo rem in deleniti.');
INSERT INTO `tourists` (`id`, `registration_date`, `first_name`, `second_name`, `login`, `passwords`, `email`, `phone`, `age`, `gender`, `poto_id`, `country`, `city`, `languages`, `what_to_want`) VALUES ('86', '2006-02-09 11:59:05', 'Minerva', 'Enrico', 'non', 'b74b76b498ee09ab5b557d18db8fea0cb87709c7', 'kdickens@example.org', '24696', '91', 'M', '86', 'Niger', 'Lake Myaview', 'es', 'Quidem laboriosam sed soluta vel est sit natus. Et dolores nisi provident distinctio. Consectetur et commodi error ullam facere incidunt consequatur sequi.');
INSERT INTO `tourists` (`id`, `registration_date`, `first_name`, `second_name`, `login`, `passwords`, `email`, `phone`, `age`, `gender`, `poto_id`, `country`, `city`, `languages`, `what_to_want`) VALUES ('87', '2017-08-04 21:52:03', 'Naomie', 'Lesley', 'blanditiis', 'e418ed1ebec1d71d4c48f618c7326a9ace511b2a', 'pmorar@example.com', '27', '8730', 'P', '87', 'Gambia', 'Baileymouth', 'it', 'Qui cupiditate id soluta quia perspiciatis rerum. Dolorem facere debitis omnis id temporibus qui corporis. Dolores eligendi neque assumenda. Fugit sit est aut est.');
INSERT INTO `tourists` (`id`, `registration_date`, `first_name`, `second_name`, `login`, `passwords`, `email`, `phone`, `age`, `gender`, `poto_id`, `country`, `city`, `languages`, `what_to_want`) VALUES ('88', '1994-12-08 20:14:12', 'Angeline', 'Anita', 'cumque', '6661ecbd0b21bedfd0e0f9295ee906db1f51b571', 'iabernathy@example.org', '0', '76366900', 'M', '88', 'Gambia', 'Kristyfurt', 'es', 'A esse dolor earum veritatis consequatur nobis. Aut aliquam sunt numquam et. Officia deleniti provident nam sunt rem. Non voluptas quis quo consequuntur laudantium velit fugiat.');
INSERT INTO `tourists` (`id`, `registration_date`, `first_name`, `second_name`, `login`, `passwords`, `email`, `phone`, `age`, `gender`, `poto_id`, `country`, `city`, `languages`, `what_to_want`) VALUES ('89', '1992-11-30 12:15:03', 'Wyman', 'Jayden', 'voluptatem', '42c90dd2117bab3ae6eea06dd1f256cb44631729', 'trystan92@example.net', '1', '679584186', 'M', '89', 'Slovakia (Slovak Republic)', 'Feilside', 'fr', 'Fugiat nostrum sit eveniet alias magnam et. Sed nihil possimus sint aspernatur voluptatem cum. Magnam sunt ullam quibusdam ullam fuga libero facilis. Architecto autem dolores dolorum.');
INSERT INTO `tourists` (`id`, `registration_date`, `first_name`, `second_name`, `login`, `passwords`, `email`, `phone`, `age`, `gender`, `poto_id`, `country`, `city`, `languages`, `what_to_want`) VALUES ('90', '2008-03-02 03:00:25', 'Bailee', 'Ida', 'aut', '4b6617fcff2c39ad1a341fef39fb4f62133d7f00', 'fritsch.elaina@example.com', '1', '80075', 'M', '90', 'Australia', 'South Gina', 'pt', 'Facere corrupti et provident modi repellendus consequatur. Voluptatem quae eum nihil quaerat numquam ex dolorem.');
INSERT INTO `tourists` (`id`, `registration_date`, `first_name`, `second_name`, `login`, `passwords`, `email`, `phone`, `age`, `gender`, `poto_id`, `country`, `city`, `languages`, `what_to_want`) VALUES ('91', '1979-03-13 11:12:46', 'Alysha', 'Polly', 'velit', '5c703209b038878d1241f852c7429977e8db9a2c', 'watsica.ressie@example.org', '1', '922', 'M', '91', 'Wallis and Futuna', 'West Tristianview', 'en', 'Eum officia et excepturi id incidunt voluptatem. Et voluptates sunt corrupti est cumque et et. Culpa nesciunt minus nobis nihil est voluptatem. Rem fuga molestias est quibusdam eius autem.');
INSERT INTO `tourists` (`id`, `registration_date`, `first_name`, `second_name`, `login`, `passwords`, `email`, `phone`, `age`, `gender`, `poto_id`, `country`, `city`, `languages`, `what_to_want`) VALUES ('92', '1970-04-14 05:38:43', 'Dayton', 'Carlee', 'modi', '618154fe90179c95f2907d810578d43514e4c88a', 'aniyah55@example.org', '626632', '16558579', 'P', '92', 'Sierra Leone', 'Medhurstbury', 'it', 'Rerum quos at nam rerum voluptate aut ipsam molestiae. Officia hic dolorem impedit nihil qui adipisci. Excepturi quisquam qui aut eum qui sint ipsam. Rem aut repellat vero voluptatem illo.');
INSERT INTO `tourists` (`id`, `registration_date`, `first_name`, `second_name`, `login`, `passwords`, `email`, `phone`, `age`, `gender`, `poto_id`, `country`, `city`, `languages`, `what_to_want`) VALUES ('93', '2005-04-05 23:59:42', 'Ernesto', 'Cletus', 'sed', '1beece0a0a91a8be41f1144cf50b0ba73d4fa42f', 'macejkovic.eryn@example.org', '1', '5361', 'M', '93', 'Moldova', 'East Brycen', 'en', 'Voluptatem rerum architecto pariatur aut est. Et ad recusandae reiciendis perspiciatis nulla. Consequatur laboriosam odit dolores autem eius nihil labore.');
INSERT INTO `tourists` (`id`, `registration_date`, `first_name`, `second_name`, `login`, `passwords`, `email`, `phone`, `age`, `gender`, `poto_id`, `country`, `city`, `languages`, `what_to_want`) VALUES ('94', '1995-04-09 00:34:24', 'Helene', 'Claudine', 'et', '99501f84c20cfe33b9d0f4558db70b4ff6f8b870', 'ivah.williamson@example.com', '661991', '0', 'M', '94', 'Slovenia', 'West Clotilde', 'ru', 'Qui saepe totam non quas dolorum quis. Sequi quia voluptatibus odit. Non qui cumque quasi.');
INSERT INTO `tourists` (`id`, `registration_date`, `first_name`, `second_name`, `login`, `passwords`, `email`, `phone`, `age`, `gender`, `poto_id`, `country`, `city`, `languages`, `what_to_want`) VALUES ('95', '2014-04-14 06:50:14', 'Newell', 'Layne', 'veniam', 'e412ae73d1034e1f3946ebedcebeab12d69addb8', 'micheal57@example.net', '0', '477', 'M', '95', 'Slovakia (Slovak Republic)', 'Stephenmouth', 'cn', 'Consequatur sit asperiores animi consectetur expedita eum tempore. Voluptatum eligendi et ut dolorum ut. Impedit pariatur ut ipsa ratione est incidunt.');
INSERT INTO `tourists` (`id`, `registration_date`, `first_name`, `second_name`, `login`, `passwords`, `email`, `phone`, `age`, `gender`, `poto_id`, `country`, `city`, `languages`, `what_to_want`) VALUES ('96', '2009-03-30 15:02:40', 'Okey', 'George', 'vel', '41504701b4e9834179d903b91c6a9ee435e74755', 'ucrooks@example.com', '101438961', '24213594', 'M', '96', 'Angola', 'West Neiltown', 'en', 'Quasi ratione cum ratione. Eveniet quo quo harum quaerat. Iusto eius ad neque reiciendis.');
INSERT INTO `tourists` (`id`, `registration_date`, `first_name`, `second_name`, `login`, `passwords`, `email`, `phone`, `age`, `gender`, `poto_id`, `country`, `city`, `languages`, `what_to_want`) VALUES ('97', '1975-09-20 03:38:06', 'Fae', 'Christophe', 'facilis', '630e906bda4daf3124e336cf6b46e50e419961bf', 'hessel.rudolph@example.com', '1', '9463', 'M', '97', 'Pakistan', 'McCluretown', 'de', 'Quia aperiam molestiae fugit. Ex voluptatem et magnam molestiae et corrupti dolorem. Velit assumenda ut officiis dolorem vel molestias. Cum est laudantium et est.');
INSERT INTO `tourists` (`id`, `registration_date`, `first_name`, `second_name`, `login`, `passwords`, `email`, `phone`, `age`, `gender`, `poto_id`, `country`, `city`, `languages`, `what_to_want`) VALUES ('98', '1994-06-16 08:44:35', 'Samson', 'Rosario', 'error', '7ce3d9ad3f3ba2c2db9a6086797d5c003aa0fe7a', 'satterfield.magdalen@example.org', '12', '303', 'M', '98', 'Svalbard & Jan Mayen Islands', 'Vincenzafort', 'it', 'Et quia accusamus nobis quasi id quae quis sit. Quas ipsa ut enim officia fugit porro omnis. Deleniti rem ut alias pariatur porro est reprehenderit.');
INSERT INTO `tourists` (`id`, `registration_date`, `first_name`, `second_name`, `login`, `passwords`, `email`, `phone`, `age`, `gender`, `poto_id`, `country`, `city`, `languages`, `what_to_want`) VALUES ('99', '2007-11-08 15:56:06', 'Adella', 'Nicolas', 'magnam', '3f2ef8b27b966feabef4b8b08c930b1a023bc7af', 'klocko.iliana@example.net', '383', '3773', 'M', '99', 'Eritrea', 'Breitenbergburgh', 'es', 'Iure placeat consequatur id et impedit. Quia totam totam et. Autem aut ut harum. Autem soluta omnis dolore accusantium ipsa illo.');
INSERT INTO `tourists` (`id`, `registration_date`, `first_name`, `second_name`, `login`, `passwords`, `email`, `phone`, `age`, `gender`, `poto_id`, `country`, `city`, `languages`, `what_to_want`) VALUES ('100', '2007-10-28 20:09:29', 'Kyler', 'Hal', 'et', '68f9da3d97cf69d9788bf6b28ad7e58d33b30670', 'jailyn.heaney@example.org', '977211', '5094037', 'D', '100', 'Sudan', 'Keiraland', 'pt', 'Sunt in omnis dolorem ducimus. Voluptatem accusantium porro ad qui deserunt aut. Nulla aut et nihil quia et.');

INSERT INTO `excursion` (`id`, `create_date`, `name`, `country`, `city`, `guid_id`, `poto_id`, `video_id`, `text_about`, `duration_min`, `type_going`, `pepeople_count`, `type_individual`, `price_for_one_people`, `sale_amount`, `price_with_sale`, `price_date_start`, `price_date_finish`) VALUES ('1', '2004-12-09 07:34:10', 'Id dolores sunt repellat sequi. Voluptas harum corrupti est atque. Saepe qui sint veniam eligendi.', 'Slovakia (Slovak Republic)', 'Kirkport', '1', '1', '1', 'Nemo est quasi ducimus consequatur quaerat quos ut. Amet accusantium sunt eligendi repudiandae sequi laboriosam ab fuga. Totam non voluptas neque qui et totam quo quis. Ad quod ipsa ipsa hic.', '646', 'dolores', '216218544', 'eum', '2314', '64308400', '0', '1976-12-09', '1991-08-26');
INSERT INTO `excursion` (`id`, `create_date`, `name`, `country`, `city`, `guid_id`, `poto_id`, `video_id`, `text_about`, `duration_min`, `type_going`, `pepeople_count`, `type_individual`, `price_for_one_people`, `sale_amount`, `price_with_sale`, `price_date_start`, `price_date_finish`) VALUES ('2', '1981-07-11 11:35:51', 'Similique deserunt quo pariatur sit accusantium officia non. Vero voluptatem neque quo voluptas quia optio ut. Expedita eius perspiciatis a.', 'Guinea-Bissau', 'Lake Chanellefort', '2', '2', '2', 'Neque officia mollitia optio velit dignissimos. Quaerat ad maxime reprehenderit consequatur consequatur eveniet optio. Qui possimus et dolorem.', '0', 'sit', '3000676', 'sed', '77429444', '11.9152', '1', '1995-10-10', '1971-04-13');
INSERT INTO `excursion` (`id`, `create_date`, `name`, `country`, `city`, `guid_id`, `poto_id`, `video_id`, `text_about`, `duration_min`, `type_going`, `pepeople_count`, `type_individual`, `price_for_one_people`, `sale_amount`, `price_with_sale`, `price_date_start`, `price_date_finish`) VALUES ('3', '1978-09-23 16:47:06', 'Qui ut consequatur est magnam ut. Voluptatibus fuga exercitationem voluptatum possimus. Saepe inventore nostrum pariatur et eius consequatur nemo.', 'United States Minor Outlying Islands', 'Hickletown', '3', '3', '3', 'Eligendi omnis facilis est. Dicta autem iusto at voluptas provident error. Nesciunt similique cum consectetur temporibus dolorum fuga.', '5869723', 'reprehenderit', '5463', 'at', '274901262', '97584600', '66830', '2012-03-26', '2007-09-17');
INSERT INTO `excursion` (`id`, `create_date`, `name`, `country`, `city`, `guid_id`, `poto_id`, `video_id`, `text_about`, `duration_min`, `type_going`, `pepeople_count`, `type_individual`, `price_for_one_people`, `sale_amount`, `price_with_sale`, `price_date_start`, `price_date_finish`) VALUES ('4', '1996-11-20 10:05:09', 'Sint qui iusto placeat corporis similique qui est. Ut rerum dolores eius ea. Corrupti voluptatem beatae consequatur qui dolorem consequatur.', 'Malaysia', 'Cummingshaven', '4', '4', '4', 'Quos a repellat ratione qui quo iure. Ut ipsa et itaque non.', '97246', 'molestias', '0', 'in', '54489', '0', '322941', '1980-09-27', '1980-05-07');
INSERT INTO `excursion` (`id`, `create_date`, `name`, `country`, `city`, `guid_id`, `poto_id`, `video_id`, `text_about`, `duration_min`, `type_going`, `pepeople_count`, `type_individual`, `price_for_one_people`, `sale_amount`, `price_with_sale`, `price_date_start`, `price_date_finish`) VALUES ('5', '1980-08-16 09:26:57', 'Et sit vel numquam accusantium dolor non itaque ut. Quidem nihil nisi commodi. Dolores voluptatem quia sit. Ut laboriosam dolores illum ut.', 'Bosnia and Herzegovina', 'Zboncakview', '5', '5', '5', 'Laboriosam neque ut dicta at assumenda qui. Rerum sunt quas excepturi et odio repudiandae temporibus. Odit sed in eligendi ut sunt dolores incidunt nihil.', '184161', 'illo', '0', 'nemo', '0', '24.4566', '270', '1973-12-21', '2011-04-27');
INSERT INTO `excursion` (`id`, `create_date`, `name`, `country`, `city`, `guid_id`, `poto_id`, `video_id`, `text_about`, `duration_min`, `type_going`, `pepeople_count`, `type_individual`, `price_for_one_people`, `sale_amount`, `price_with_sale`, `price_date_start`, `price_date_finish`) VALUES ('6', '2013-08-16 06:00:31', 'Possimus ratione alias tempora eveniet quod. Quia id sequi adipisci possimus est quisquam modi facere.', 'Panama', 'Hettingermouth', '6', '6', '6', 'Sunt qui est id ut. Eius architecto autem vitae blanditiis perspiciatis tempora. Quos qui dolores ratione possimus. Nihil voluptatem minus repellat qui et.', '416', 'provident', '0', 'voluptas', '3673422', '412243', '42', '1975-03-06', '2003-11-04');
INSERT INTO `excursion` (`id`, `create_date`, `name`, `country`, `city`, `guid_id`, `poto_id`, `video_id`, `text_about`, `duration_min`, `type_going`, `pepeople_count`, `type_individual`, `price_for_one_people`, `sale_amount`, `price_with_sale`, `price_date_start`, `price_date_finish`) VALUES ('7', '1987-10-03 01:56:10', 'Sapiente ut itaque mollitia et et. Omnis quo accusantium voluptas quaerat.', 'Turks and Caicos Islands', 'Mathewbury', '7', '7', '7', 'Tenetur ipsum aut eveniet aperiam beatae. Voluptas ut non sunt qui quidem aut ducimus. Dolor accusamus ducimus rerum consectetur recusandae provident. Aut assumenda laborum sunt non debitis.', '25696', 'nam', '474', 'molestiae', '3', '85.6702', '553', '1987-10-05', '1972-09-26');
INSERT INTO `excursion` (`id`, `create_date`, `name`, `country`, `city`, `guid_id`, `poto_id`, `video_id`, `text_about`, `duration_min`, `type_going`, `pepeople_count`, `type_individual`, `price_for_one_people`, `sale_amount`, `price_with_sale`, `price_date_start`, `price_date_finish`) VALUES ('8', '1982-01-14 07:45:28', 'Incidunt fuga eum hic ad deleniti at dolorem. Repellendus accusamus aliquam aspernatur cumque aut ducimus. Molestiae et veniam hic odio ut repudiandae id. Possimus eum minima quis itaque sit.', 'Guinea-Bissau', 'Selmermouth', '8', '8', '8', 'Qui amet dolorem dolorem suscipit at ad. Culpa cum omnis saepe aliquam voluptatibus enim sit corrupti. Ut nobis ab aut inventore. Quia velit aut sunt ut quidem commodi.', '0', 'omnis', '7', 'at', '3578', '62122.1', '400379424', '1975-01-01', '1999-02-20');
INSERT INTO `excursion` (`id`, `create_date`, `name`, `country`, `city`, `guid_id`, `poto_id`, `video_id`, `text_about`, `duration_min`, `type_going`, `pepeople_count`, `type_individual`, `price_for_one_people`, `sale_amount`, `price_with_sale`, `price_date_start`, `price_date_finish`) VALUES ('9', '2004-08-14 20:35:42', 'Totam illum quisquam natus esse id ut dicta. Dignissimos facere error sapiente eveniet ut magnam eaque. Quis et voluptatem ratione perferendis et quo.', 'Cocos (Keeling) Islands', 'Sandystad', '9', '9', '9', 'Vel expedita adipisci dolorem voluptas quia. Dicta nostrum quasi et quia voluptatem. Et recusandae dolore illo omnis et.', '389864', 'ut', '4139996', 'consequatur', '14753', '3238.44', '34181817', '2005-12-04', '1974-10-05');
INSERT INTO `excursion` (`id`, `create_date`, `name`, `country`, `city`, `guid_id`, `poto_id`, `video_id`, `text_about`, `duration_min`, `type_going`, `pepeople_count`, `type_individual`, `price_for_one_people`, `sale_amount`, `price_with_sale`, `price_date_start`, `price_date_finish`) VALUES ('10', '1995-04-19 00:52:21', 'Temporibus magnam commodi iusto vel earum maiores. Aut nemo maiores delectus quod error atque officia reiciendis. Quam dignissimos suscipit quaerat cumque quod. Quas reiciendis aut provident.', 'Cambodia', 'Dareshire', '10', '10', '10', 'Suscipit et culpa error veniam suscipit animi ut. Corrupti voluptas nihil accusantium. Cupiditate fugit natus est est. Iusto assumenda non expedita repellat.', '207852', 'nostrum', '0', 'et', '24', '49460800', '651850991', '1973-03-04', '1992-11-10');
INSERT INTO `excursion` (`id`, `create_date`, `name`, `country`, `city`, `guid_id`, `poto_id`, `video_id`, `text_about`, `duration_min`, `type_going`, `pepeople_count`, `type_individual`, `price_for_one_people`, `sale_amount`, `price_with_sale`, `price_date_start`, `price_date_finish`) VALUES ('11', '1979-11-29 17:36:32', 'Vel porro necessitatibus aperiam quod ut labore et non. Rerum impedit aliquam beatae enim in eos earum. Dolor sed voluptas et voluptatem.', 'Holy See (Vatican City State)', 'Lewtown', '11', '11', '11', 'Consequuntur magni et architecto aut et nulla. Quae aut sit aliquid modi. Voluptatem aut illum quia sed velit.', '31620', 'suscipit', '876738', 'delectus', '270', '160735', '2', '1994-07-27', '1974-06-14');
INSERT INTO `excursion` (`id`, `create_date`, `name`, `country`, `city`, `guid_id`, `poto_id`, `video_id`, `text_about`, `duration_min`, `type_going`, `pepeople_count`, `type_individual`, `price_for_one_people`, `sale_amount`, `price_with_sale`, `price_date_start`, `price_date_finish`) VALUES ('12', '2005-08-21 11:55:47', 'Animi hic minima autem atque accusantium quis adipisci. Recusandae sed deserunt officia omnis exercitationem. Eum voluptas fugiat tenetur a voluptas dolor ut.', 'Burkina Faso', 'Wunschburgh', '12', '12', '12', 'Eveniet quisquam eius necessitatibus porro. Omnis ut placeat autem quo nobis distinctio. Vitae repellat est aut aliquid. Labore delectus expedita magni accusantium aut.', '50589154', 'voluptas', '53295', 'fugiat', '5202', '0', '3823992', '1994-09-29', '1998-07-25');
INSERT INTO `excursion` (`id`, `create_date`, `name`, `country`, `city`, `guid_id`, `poto_id`, `video_id`, `text_about`, `duration_min`, `type_going`, `pepeople_count`, `type_individual`, `price_for_one_people`, `sale_amount`, `price_with_sale`, `price_date_start`, `price_date_finish`) VALUES ('13', '1989-07-01 01:02:32', 'Architecto debitis dolor quo temporibus. Aut dolorum dolor adipisci laudantium eius labore et quia.', 'Vanuatu', 'Port Perry', '13', '13', '13', 'Atque autem accusantium et maiores sequi. Explicabo et consequatur mollitia ad. Unde consequatur ut ut pariatur repellat. Dicta ut sed odit aut necessitatibus sequi et. Omnis amet quos iure.', '5413160', 'debitis', '552', 'quod', '103865', '7650.27', '1', '1975-10-29', '1986-03-23');
INSERT INTO `excursion` (`id`, `create_date`, `name`, `country`, `city`, `guid_id`, `poto_id`, `video_id`, `text_about`, `duration_min`, `type_going`, `pepeople_count`, `type_individual`, `price_for_one_people`, `sale_amount`, `price_with_sale`, `price_date_start`, `price_date_finish`) VALUES ('14', '1981-02-25 13:05:21', 'Est corporis explicabo ullam autem. Optio ullam occaecati beatae voluptas aut quia animi. Ipsa asperiores at autem maiores provident.', 'Malawi', 'South Oraview', '14', '14', '14', 'Consequatur nihil placeat voluptas eum distinctio odit. Similique dolorem et porro non ipsum. Repellendus quibusdam doloribus non aut.', '85938', 'dolorem', '983', 'nostrum', '0', '247.945', '0', '2018-06-03', '1971-02-11');
INSERT INTO `excursion` (`id`, `create_date`, `name`, `country`, `city`, `guid_id`, `poto_id`, `video_id`, `text_about`, `duration_min`, `type_going`, `pepeople_count`, `type_individual`, `price_for_one_people`, `sale_amount`, `price_with_sale`, `price_date_start`, `price_date_finish`) VALUES ('15', '1990-11-19 12:35:12', 'Similique quo qui qui est. Ut quis est enim est maiores dignissimos nobis praesentium. Atque doloribus sed autem asperiores.', 'Slovakia (Slovak Republic)', 'Port Kody', '15', '15', '15', 'Aut distinctio error rem labore eveniet soluta facere. Aut et dolores veniam porro. Eius consequatur possimus nemo incidunt.', '8975761', 'nesciunt', '0', 'asperiores', '5935', '12223300', '247185376', '1986-06-03', '2011-11-20');
INSERT INTO `excursion` (`id`, `create_date`, `name`, `country`, `city`, `guid_id`, `poto_id`, `video_id`, `text_about`, `duration_min`, `type_going`, `pepeople_count`, `type_individual`, `price_for_one_people`, `sale_amount`, `price_with_sale`, `price_date_start`, `price_date_finish`) VALUES ('16', '2005-10-25 19:09:11', 'Aut ut delectus ut. Consequatur officiis delectus aperiam. Voluptate magnam non porro est animi quo quibusdam. Aperiam dolore praesentium consequatur.', 'Mauritania', 'West Miracleland', '16', '16', '16', 'Sunt dolor nulla voluptates occaecati. Minima aut fuga molestiae in blanditiis non. Est sapiente iusto autem ipsa hic at assumenda. Sed vero suscipit quasi eaque dolor explicabo id.', '96871094', 'rem', '2427004', 'harum', '6173', '1482.4', '104958083', '1995-12-17', '2019-12-25');
INSERT INTO `excursion` (`id`, `create_date`, `name`, `country`, `city`, `guid_id`, `poto_id`, `video_id`, `text_about`, `duration_min`, `type_going`, `pepeople_count`, `type_individual`, `price_for_one_people`, `sale_amount`, `price_with_sale`, `price_date_start`, `price_date_finish`) VALUES ('17', '1989-02-12 08:57:47', 'Et placeat fugiat et alias fuga. Voluptatem odit rerum aut accusantium voluptatem. Dolores vero consequuntur minus vel.', 'Nigeria', 'West Henribury', '17', '17', '17', 'At culpa enim non et voluptates eius praesentium sint. Omnis deserunt ut laudantium. Quia eum ut reiciendis dolores voluptate. Rem qui beatae est quidem blanditiis.', '0', 'eos', '1739192', 'consequatur', '351346', '201.109', '66', '2003-05-23', '2009-01-30');
INSERT INTO `excursion` (`id`, `create_date`, `name`, `country`, `city`, `guid_id`, `poto_id`, `video_id`, `text_about`, `duration_min`, `type_going`, `pepeople_count`, `type_individual`, `price_for_one_people`, `sale_amount`, `price_with_sale`, `price_date_start`, `price_date_finish`) VALUES ('18', '1973-11-20 04:20:47', 'Beatae quia est dolores. Explicabo non beatae facere. Aut impedit aliquam nihil ipsam culpa eos labore.', 'South Africa', 'North Camron', '18', '18', '18', 'Ipsum ut dolore dolorum veritatis quae tempore corrupti. Dolor non est pariatur accusantium libero. Quae consequuntur aut aliquam sed laudantium.', '29', 'ut', '2893', 'quasi', '333', '402.422', '0', '1980-08-14', '1993-02-03');
INSERT INTO `excursion` (`id`, `create_date`, `name`, `country`, `city`, `guid_id`, `poto_id`, `video_id`, `text_about`, `duration_min`, `type_going`, `pepeople_count`, `type_individual`, `price_for_one_people`, `sale_amount`, `price_with_sale`, `price_date_start`, `price_date_finish`) VALUES ('19', '2002-03-10 22:59:15', 'Ut sed et nemo sapiente. Eum nisi magnam doloribus eum odit repellendus. Enim et aspernatur autem sequi a aspernatur. Impedit consequatur ut qui occaecati sunt exercitationem.', 'Uzbekistan', 'Carmelaport', '19', '19', '19', 'Illum dolores cupiditate omnis est dolorem. Quibusdam quis cumque optio deserunt aut sint. Magnam accusamus magni sint maxime.', '7049485', 'ab', '2', 'nostrum', '0', '31247600', '0', '2017-11-03', '1995-01-16');
INSERT INTO `excursion` (`id`, `create_date`, `name`, `country`, `city`, `guid_id`, `poto_id`, `video_id`, `text_about`, `duration_min`, `type_going`, `pepeople_count`, `type_individual`, `price_for_one_people`, `sale_amount`, `price_with_sale`, `price_date_start`, `price_date_finish`) VALUES ('20', '1970-03-22 21:20:07', 'Delectus facilis ad quisquam illo sed. Repudiandae at maxime et ad ut consequatur recusandae labore. Ipsum nihil molestiae voluptatem dolores aut ut.', 'Central African Republic', 'Dickiport', '20', '20', '20', 'Quaerat repudiandae cum sit porro. Iusto sunt perspiciatis sint inventore quaerat.', '36389256', 'voluptatem', '90502337', 'ullam', '139371412', '51.1613', '4741533', '1990-01-09', '1975-09-23');
INSERT INTO `excursion` (`id`, `create_date`, `name`, `country`, `city`, `guid_id`, `poto_id`, `video_id`, `text_about`, `duration_min`, `type_going`, `pepeople_count`, `type_individual`, `price_for_one_people`, `sale_amount`, `price_with_sale`, `price_date_start`, `price_date_finish`) VALUES ('21', '1973-05-20 10:47:31', 'Error numquam iure delectus. Consequatur architecto at dolor. Ut fugit qui reprehenderit harum. Ea accusantium adipisci minus dignissimos officia non.', 'Chad', 'Isabelleland', '21', '21', '21', 'Accusamus molestias officia consequatur cupiditate ratione. Dolor quia quia in. Ducimus id quae quidem ut fuga alias autem.', '62202149', 'explicabo', '30957721', 'harum', '534', '14733600', '2', '2004-12-07', '2004-12-03');
INSERT INTO `excursion` (`id`, `create_date`, `name`, `country`, `city`, `guid_id`, `poto_id`, `video_id`, `text_about`, `duration_min`, `type_going`, `pepeople_count`, `type_individual`, `price_for_one_people`, `sale_amount`, `price_with_sale`, `price_date_start`, `price_date_finish`) VALUES ('22', '2003-08-16 19:30:27', 'Molestiae quibusdam quisquam sunt sit possimus at. Blanditiis quo qui quasi quos. Aut iste sed tempore facere omnis accusamus. Provident sit et dolor voluptatem velit provident.', 'Argentina', 'Abdullahtown', '22', '22', '22', 'Aspernatur esse velit et et ea. Et consequatur fugit nobis sed praesentium qui. Est unde sit nostrum qui nobis. Non enim deleniti voluptate quo.', '68', 'placeat', '50045', 'libero', '1', '3952.19', '0', '2010-11-11', '1982-07-05');
INSERT INTO `excursion` (`id`, `create_date`, `name`, `country`, `city`, `guid_id`, `poto_id`, `video_id`, `text_about`, `duration_min`, `type_going`, `pepeople_count`, `type_individual`, `price_for_one_people`, `sale_amount`, `price_with_sale`, `price_date_start`, `price_date_finish`) VALUES ('23', '1995-08-01 23:20:56', 'Consequatur sint reiciendis voluptatibus tempora suscipit sed tempore. Officiis qui quos corporis aut. Omnis dolorum enim repudiandae et.', 'Syrian Arab Republic', 'Riverchester', '23', '23', '23', 'Amet ex eveniet eveniet debitis qui enim. Consequatur doloribus sint repellat. Sit dolore quidem ab dolores aut est.', '582440561', 'animi', '25260539', 'non', '602', '713.421', '1994868', '2007-02-09', '1986-12-08');
INSERT INTO `excursion` (`id`, `create_date`, `name`, `country`, `city`, `guid_id`, `poto_id`, `video_id`, `text_about`, `duration_min`, `type_going`, `pepeople_count`, `type_individual`, `price_for_one_people`, `sale_amount`, `price_with_sale`, `price_date_start`, `price_date_finish`) VALUES ('24', '1997-07-16 14:42:02', 'Vel voluptatem incidunt magnam veniam. Enim quis officia vel expedita. Et natus nihil eum quis facere voluptatem nihil qui.', 'Israel', 'North Titushaven', '24', '24', '24', 'Commodi quia laudantium veniam voluptate aperiam sit. Dolorem ut et quia iste eos odit officia. Aut qui veniam ducimus qui. Veniam consequuntur illum et quia sequi.', '942', 'qui', '53127191', 'sed', '133316', '2498780', '64530603', '2017-12-17', '2018-08-15');
INSERT INTO `excursion` (`id`, `create_date`, `name`, `country`, `city`, `guid_id`, `poto_id`, `video_id`, `text_about`, `duration_min`, `type_going`, `pepeople_count`, `type_individual`, `price_for_one_people`, `sale_amount`, `price_with_sale`, `price_date_start`, `price_date_finish`) VALUES ('25', '2008-07-23 04:13:13', 'Et voluptatem suscipit velit odio veniam ut. Aut voluptas qui aspernatur eos molestiae consectetur. Sint quis ipsa voluptates occaecati ut.', 'Belize', 'South Dorthy', '25', '25', '25', 'Sed cum recusandae est. Libero soluta consequatur quod optio aut nemo illum laborum. Impedit tenetur adipisci est sapiente. Et fugiat saepe assumenda temporibus quia sunt.', '252858553', 'dolore', '0', 'debitis', '5034119', '59302.7', '3184307', '1994-08-30', '1979-09-22');
INSERT INTO `excursion` (`id`, `create_date`, `name`, `country`, `city`, `guid_id`, `poto_id`, `video_id`, `text_about`, `duration_min`, `type_going`, `pepeople_count`, `type_individual`, `price_for_one_people`, `sale_amount`, `price_with_sale`, `price_date_start`, `price_date_finish`) VALUES ('26', '2016-01-30 04:37:18', 'Perferendis modi ut maiores corrupti et veniam. Ipsam ut sit quis. Placeat dolores itaque ut deleniti aut.\nMaxime quia eum voluptatem. Et non aut est itaque aperiam dolore nisi.', 'Solomon Islands', 'New Keanuville', '26', '26', '26', 'Aut quos non dolor consequuntur. Qui illo et aut in aut ut illum veniam. Necessitatibus fugiat non distinctio.', '95', 'aut', '0', 'ea', '191', '5.94999', '2', '2016-11-18', '2018-10-28');
INSERT INTO `excursion` (`id`, `create_date`, `name`, `country`, `city`, `guid_id`, `poto_id`, `video_id`, `text_about`, `duration_min`, `type_going`, `pepeople_count`, `type_individual`, `price_for_one_people`, `sale_amount`, `price_with_sale`, `price_date_start`, `price_date_finish`) VALUES ('27', '1991-05-22 23:05:25', 'Sapiente aut et odit excepturi. Eius in praesentium aut aspernatur ullam aliquid ut. Nihil voluptatibus ipsum et cum iure laboriosam illum ut.', 'Papua New Guinea', 'New Florian', '27', '27', '27', 'Quae amet dicta id. Dicta rerum qui voluptatem voluptatem. Modi eius officia distinctio est inventore. Ut et tempore sed rerum.', '381', 'ut', '892081', 'veritatis', '7454729', '16276100', '73347514', '1999-03-14', '1998-12-08');
INSERT INTO `excursion` (`id`, `create_date`, `name`, `country`, `city`, `guid_id`, `poto_id`, `video_id`, `text_about`, `duration_min`, `type_going`, `pepeople_count`, `type_individual`, `price_for_one_people`, `sale_amount`, `price_with_sale`, `price_date_start`, `price_date_finish`) VALUES ('28', '1984-01-16 14:21:04', 'Sequi nemo sint ullam totam. Enim suscipit reiciendis qui porro. Exercitationem similique similique vero eius autem. Odio enim illum labore a.', 'Guam', 'New Glendaland', '28', '28', '28', 'Quod harum dolores facere molestiae aliquid ut. Possimus dolores ut minus ut et. Placeat velit rem veniam laudantium. Rerum nobis tempora soluta et corrupti laboriosam.', '549', 'dicta', '449', 'quis', '1', '2.5729', '0', '2008-04-22', '1978-06-30');
INSERT INTO `excursion` (`id`, `create_date`, `name`, `country`, `city`, `guid_id`, `poto_id`, `video_id`, `text_about`, `duration_min`, `type_going`, `pepeople_count`, `type_individual`, `price_for_one_people`, `sale_amount`, `price_with_sale`, `price_date_start`, `price_date_finish`) VALUES ('29', '1985-10-20 00:17:25', 'Corporis qui expedita autem et non rerum. Qui accusantium vel animi voluptatibus. Quam molestiae in veniam velit. Nesciunt cum repellat similique eligendi ut ducimus.', 'Cape Verde', 'North Heidi', '29', '29', '29', 'Rerum eaque voluptatem laboriosam nostrum laborum excepturi tempore. Aut eaque reiciendis id at soluta.', '8', 'ut', '4', 'voluptatem', '544265', '5.0694', '254451179', '2013-08-30', '2000-03-12');
INSERT INTO `excursion` (`id`, `create_date`, `name`, `country`, `city`, `guid_id`, `poto_id`, `video_id`, `text_about`, `duration_min`, `type_going`, `pepeople_count`, `type_individual`, `price_for_one_people`, `sale_amount`, `price_with_sale`, `price_date_start`, `price_date_finish`) VALUES ('30', '1980-06-10 20:28:19', 'Qui in illum qui nisi et ut. Sed repudiandae aut et explicabo. Vel magni provident aspernatur est possimus laudantium.', 'Italy', 'Danielleburgh', '30', '30', '30', 'Occaecati quibusdam labore recusandae. Cupiditate accusamus dolore deleniti dolorum. Eum delectus et reiciendis veniam rerum consectetur reiciendis. Et mollitia qui quasi voluptatem molestias.', '3030', 'iusto', '96', 'sit', '172510', '0', '7', '1970-05-26', '1972-09-30');
INSERT INTO `excursion` (`id`, `create_date`, `name`, `country`, `city`, `guid_id`, `poto_id`, `video_id`, `text_about`, `duration_min`, `type_going`, `pepeople_count`, `type_individual`, `price_for_one_people`, `sale_amount`, `price_with_sale`, `price_date_start`, `price_date_finish`) VALUES ('31', '2018-04-16 03:32:24', 'Ipsa veritatis quae odit omnis aut. Autem distinctio aut dolores minima odit eveniet eaque suscipit.', 'Samoa', 'Lake Lucius', '31', '31', '31', 'Neque suscipit sed eos est aspernatur omnis. Animi aut qui nemo sed. Omnis accusantium nemo voluptatem et dolore.', '9108', 'necessitatibus', '66593245', 'alias', '691', '121059', '268009422', '2006-12-28', '1994-06-12');
INSERT INTO `excursion` (`id`, `create_date`, `name`, `country`, `city`, `guid_id`, `poto_id`, `video_id`, `text_about`, `duration_min`, `type_going`, `pepeople_count`, `type_individual`, `price_for_one_people`, `sale_amount`, `price_with_sale`, `price_date_start`, `price_date_finish`) VALUES ('32', '1996-11-10 15:56:54', 'Quas blanditiis iste tenetur voluptatum. Sunt et et minima esse. Quisquam sit sit natus quis recusandae. In eum aperiam voluptatem perspiciatis quia.', 'Vanuatu', 'West Josefastad', '32', '32', '32', 'Doloremque saepe quae odit voluptas voluptas illum cum. Iste cumque qui amet voluptas. Ab fugit dolorem ea laborum labore. Impedit sed officia blanditiis aspernatur.', '8470', 'ipsum', '0', 'nostrum', '0', '584117', '28254', '1997-11-17', '2016-11-30');
INSERT INTO `excursion` (`id`, `create_date`, `name`, `country`, `city`, `guid_id`, `poto_id`, `video_id`, `text_about`, `duration_min`, `type_going`, `pepeople_count`, `type_individual`, `price_for_one_people`, `sale_amount`, `price_with_sale`, `price_date_start`, `price_date_finish`) VALUES ('33', '2019-04-24 08:37:26', 'Consectetur occaecati ea quas nemo adipisci quibusdam autem dolore. Ducimus dicta et mollitia maiores aut. Dolor nostrum fuga quam sit quam qui. Voluptate velit aliquam dolorem aliquid molestiae.', 'Oman', 'Dominictown', '33', '33', '33', 'Nemo et in dolorum. Optio harum autem eum aut. Sit repellat facere consequuntur nisi ut ut. Id tempore quidem dolorem qui.', '960', 'iure', '7', 'reiciendis', '30', '140925000', '271', '2008-07-24', '2000-04-05');
INSERT INTO `excursion` (`id`, `create_date`, `name`, `country`, `city`, `guid_id`, `poto_id`, `video_id`, `text_about`, `duration_min`, `type_going`, `pepeople_count`, `type_individual`, `price_for_one_people`, `sale_amount`, `price_with_sale`, `price_date_start`, `price_date_finish`) VALUES ('34', '1992-01-24 09:15:34', 'Totam fugit ab provident harum molestiae. Explicabo odio maiores nam. Voluptates iste earum esse dolorum harum qui. Hic qui ipsa aut placeat voluptas deserunt.', 'Greece', 'Leschville', '34', '34', '34', 'Temporibus autem ex ut. Optio repudiandae ipsa consectetur aliquid voluptate a esse. Possimus pariatur modi rem porro.', '35657', 'animi', '2', 'quasi', '5566', '0.713', '4827466', '1970-02-25', '2009-12-20');
INSERT INTO `excursion` (`id`, `create_date`, `name`, `country`, `city`, `guid_id`, `poto_id`, `video_id`, `text_about`, `duration_min`, `type_going`, `pepeople_count`, `type_individual`, `price_for_one_people`, `sale_amount`, `price_with_sale`, `price_date_start`, `price_date_finish`) VALUES ('35', '1994-04-10 12:56:10', 'Et ipsum commodi atque dolor. Dolorum sit sit similique voluptates id modi. Aut voluptatum sequi voluptatem corporis. Et sit recusandae vel reprehenderit temporibus nisi et.', 'Oman', 'Edwinaside', '35', '35', '35', 'Voluptatem ea dolores expedita aut saepe. Iste fuga harum exercitationem. Corporis qui unde in impedit sed quo dolore.', '7957', 'ut', '830965', 'deserunt', '0', '472.7', '232667993', '2001-02-07', '1970-05-07');
INSERT INTO `excursion` (`id`, `create_date`, `name`, `country`, `city`, `guid_id`, `poto_id`, `video_id`, `text_about`, `duration_min`, `type_going`, `pepeople_count`, `type_individual`, `price_for_one_people`, `sale_amount`, `price_with_sale`, `price_date_start`, `price_date_finish`) VALUES ('36', '1972-10-21 18:18:13', 'Facere repellendus incidunt sapiente impedit deserunt et. In aut distinctio mollitia. Illo explicabo recusandae voluptatum qui ut dicta. Nobis repudiandae quis eligendi est.', 'Aruba', 'East Gailville', '36', '36', '36', 'Dolores ea aliquid distinctio veniam nihil ut. Non quaerat veniam qui. Accusamus iure error fugit a cumque.', '59828023', 'voluptatem', '6079', 'amet', '5060', '353451000', '14', '1989-01-29', '2001-10-06');
INSERT INTO `excursion` (`id`, `create_date`, `name`, `country`, `city`, `guid_id`, `poto_id`, `video_id`, `text_about`, `duration_min`, `type_going`, `pepeople_count`, `type_individual`, `price_for_one_people`, `sale_amount`, `price_with_sale`, `price_date_start`, `price_date_finish`) VALUES ('37', '1989-04-09 12:44:02', 'Sequi qui in cumque quia consequatur ut mollitia qui. Totam vitae doloremque sed labore sunt. Est omnis soluta laborum ex corporis.', 'Comoros', 'New Palma', '37', '37', '37', 'Quasi totam accusantium dolor delectus quaerat. Maiores ut veritatis in animi.', '344', 'et', '43599', 'ut', '0', '81792800', '15', '2015-03-23', '1988-07-15');
INSERT INTO `excursion` (`id`, `create_date`, `name`, `country`, `city`, `guid_id`, `poto_id`, `video_id`, `text_about`, `duration_min`, `type_going`, `pepeople_count`, `type_individual`, `price_for_one_people`, `sale_amount`, `price_with_sale`, `price_date_start`, `price_date_finish`) VALUES ('38', '1993-09-28 12:01:51', 'Eos dolores repellat incidunt ut sunt. Aliquam quasi et qui. Quia at et et. Vitae esse odio quis vitae fugiat ex.', 'Cyprus', 'West Anastasiamouth', '38', '38', '38', 'Quasi molestiae porro nisi dignissimos et voluptas fuga. Ipsam eum magni amet consequatur error voluptas sed delectus. Voluptatibus exercitationem modi est consequatur in.', '350517', 'accusantium', '4618', 'blanditiis', '4911048', '139905000', '1368370', '1984-09-27', '1980-02-20');
INSERT INTO `excursion` (`id`, `create_date`, `name`, `country`, `city`, `guid_id`, `poto_id`, `video_id`, `text_about`, `duration_min`, `type_going`, `pepeople_count`, `type_individual`, `price_for_one_people`, `sale_amount`, `price_with_sale`, `price_date_start`, `price_date_finish`) VALUES ('39', '1982-08-02 08:53:11', 'Quis omnis dolorem necessitatibus quae. Et ut veritatis commodi voluptas. Velit praesentium nostrum est non. Minima iure repellat quia quis ipsa rerum aut.', 'Senegal', 'North Izabella', '39', '39', '39', 'Non veritatis vero quo. Aut ducimus voluptatem rerum in corporis. Numquam impedit voluptas nulla aperiam.', '8340920', 'modi', '0', 'quam', '589889', '75276900', '1009', '1984-12-15', '1980-10-04');
INSERT INTO `excursion` (`id`, `create_date`, `name`, `country`, `city`, `guid_id`, `poto_id`, `video_id`, `text_about`, `duration_min`, `type_going`, `pepeople_count`, `type_individual`, `price_for_one_people`, `sale_amount`, `price_with_sale`, `price_date_start`, `price_date_finish`) VALUES ('40', '2010-12-03 16:17:00', 'Corporis facilis blanditiis similique dolorem. Dolor aspernatur id atque explicabo a. Ex unde vitae aliquid delectus est.\nSint eum voluptas quia dicta. Id quod consectetur tempore itaque.', 'Mali', 'North Brantport', '40', '40', '40', 'Ut vel assumenda eum qui nesciunt soluta. Dolor nihil occaecati sit et sint velit non ea. Ducimus voluptas quibusdam voluptatem. Hic quia animi qui et temporibus asperiores sed.', '6', 'nihil', '25761', 'animi', '211958', '618.649', '24225112', '2010-06-06', '1979-08-11');
INSERT INTO `excursion` (`id`, `create_date`, `name`, `country`, `city`, `guid_id`, `poto_id`, `video_id`, `text_about`, `duration_min`, `type_going`, `pepeople_count`, `type_individual`, `price_for_one_people`, `sale_amount`, `price_with_sale`, `price_date_start`, `price_date_finish`) VALUES ('41', '1994-09-12 06:30:31', 'Vel laudantium necessitatibus ut placeat modi maiores a. Reiciendis sit aut vel eius labore quis omnis. Impedit mollitia eum dignissimos aspernatur. Beatae consequuntur quisquam molestiae repellat.', 'Bhutan', 'Christophechester', '41', '41', '41', 'Eius quia aperiam rerum quia. Ipsum facere qui eum officia inventore. Velit debitis omnis odit animi. Dolores ea corporis ex tempora exercitationem quia.', '965257', 'assumenda', '56', 'eum', '2408670', '39.25', '51', '1980-03-16', '1999-09-26');
INSERT INTO `excursion` (`id`, `create_date`, `name`, `country`, `city`, `guid_id`, `poto_id`, `video_id`, `text_about`, `duration_min`, `type_going`, `pepeople_count`, `type_individual`, `price_for_one_people`, `sale_amount`, `price_with_sale`, `price_date_start`, `price_date_finish`) VALUES ('42', '2014-04-01 20:55:43', 'Quidem iusto nam culpa suscipit. Voluptate numquam fugit tempore eaque quo consequatur ad. Et rerum voluptates recusandae et debitis incidunt et. Enim quam illum est doloribus commodi et commodi.', 'Tajikistan', 'West Astridmouth', '42', '42', '42', 'Ut est explicabo qui vero ut fuga possimus. Rerum aut molestias omnis ut qui. Laudantium architecto sunt ut quis sed. Eum architecto itaque ab et aut omnis nobis.', '69743154', 'dignissimos', '6861342', 'explicabo', '1441568', '38.04', '8', '1982-02-15', '2002-03-16');
INSERT INTO `excursion` (`id`, `create_date`, `name`, `country`, `city`, `guid_id`, `poto_id`, `video_id`, `text_about`, `duration_min`, `type_going`, `pepeople_count`, `type_individual`, `price_for_one_people`, `sale_amount`, `price_with_sale`, `price_date_start`, `price_date_finish`) VALUES ('43', '1974-05-16 23:45:29', 'Voluptas minima asperiores doloribus et. Maxime possimus ipsam eos id quod voluptatibus aut sed. Dolores accusamus corrupti aliquam et. Rerum accusamus consequatur molestiae in deserunt sunt.', 'Venezuela', 'Janiyafort', '43', '43', '43', 'Explicabo eveniet quidem tempore repudiandae. Maiores eum facere alias hic debitis iste cum. Est voluptatum dolorem in quis enim nostrum harum autem.', '8339242', 'illo', '84629844', 'eum', '100506', '275053', '0', '2017-12-23', '1986-03-30');
INSERT INTO `excursion` (`id`, `create_date`, `name`, `country`, `city`, `guid_id`, `poto_id`, `video_id`, `text_about`, `duration_min`, `type_going`, `pepeople_count`, `type_individual`, `price_for_one_people`, `sale_amount`, `price_with_sale`, `price_date_start`, `price_date_finish`) VALUES ('44', '2000-07-20 18:53:48', 'Rem ea et eum. In animi officia earum molestiae similique tempora non. Corporis placeat minima ut molestiae possimus.', 'Liberia', 'Lake Erinbury', '44', '44', '44', 'Vel suscipit et amet nam architecto neque atque numquam. Distinctio autem quasi quasi ut quam delectus amet. Qui doloribus corrupti expedita sapiente a ea. Inventore vitae nulla repellat unde.', '99', 'voluptas', '426', 'sed', '0', '1583.69', '31433', '2019-07-14', '1998-06-20');
INSERT INTO `excursion` (`id`, `create_date`, `name`, `country`, `city`, `guid_id`, `poto_id`, `video_id`, `text_about`, `duration_min`, `type_going`, `pepeople_count`, `type_individual`, `price_for_one_people`, `sale_amount`, `price_with_sale`, `price_date_start`, `price_date_finish`) VALUES ('45', '1971-10-13 23:33:09', 'Tenetur voluptatem quidem non quidem ad amet. Id aut ipsam et placeat quod. Id debitis temporibus ad quia non. Doloremque similique ut ut quia sunt dolor molestiae.', 'Kuwait', 'North Makennaburgh', '45', '45', '45', 'Eius temporibus itaque molestias voluptate. Perferendis facere quia eius blanditiis mollitia nostrum sit molestiae. Amet sit non eos harum quia quod.', '155932', 'tempore', '95', 'exercitationem', '22179045', '796173', '28925', '2007-01-03', '2002-08-01');
INSERT INTO `excursion` (`id`, `create_date`, `name`, `country`, `city`, `guid_id`, `poto_id`, `video_id`, `text_about`, `duration_min`, `type_going`, `pepeople_count`, `type_individual`, `price_for_one_people`, `sale_amount`, `price_with_sale`, `price_date_start`, `price_date_finish`) VALUES ('46', '2013-08-01 09:14:32', 'Animi quia dolores minus corporis inventore rem ut. Odit eos inventore occaecati dolores et tenetur error aut. Aut vitae et optio enim perspiciatis nam amet. Velit modi velit ea.', 'Jamaica', 'Friedrichport', '46', '46', '46', 'At eveniet voluptatum vitae et. Excepturi nostrum tenetur in laborum qui.', '0', 'quis', '23657110', 'et', '2042503', '16785', '0', '1971-01-28', '1985-02-14');
INSERT INTO `excursion` (`id`, `create_date`, `name`, `country`, `city`, `guid_id`, `poto_id`, `video_id`, `text_about`, `duration_min`, `type_going`, `pepeople_count`, `type_individual`, `price_for_one_people`, `sale_amount`, `price_with_sale`, `price_date_start`, `price_date_finish`) VALUES ('47', '2008-01-21 09:18:41', 'Ab impedit eveniet eos sit in error. Rem sint ut expedita harum est aut. Quasi est deserunt esse expedita corporis sed fugit qui.', 'Paraguay', 'North Elmo', '47', '47', '47', 'Ab ratione at non. Dolorem error natus hic quia aut. Molestias soluta et necessitatibus ea quo voluptas eligendi.', '773565', 'est', '333040', 'et', '2', '1005950', '191', '1993-02-24', '2011-01-26');
INSERT INTO `excursion` (`id`, `create_date`, `name`, `country`, `city`, `guid_id`, `poto_id`, `video_id`, `text_about`, `duration_min`, `type_going`, `pepeople_count`, `type_individual`, `price_for_one_people`, `sale_amount`, `price_with_sale`, `price_date_start`, `price_date_finish`) VALUES ('48', '2014-12-15 08:15:12', 'Ea quia cupiditate officiis et. Dolorem deleniti et accusamus. Dicta ipsa et illum aut omnis quia neque.', 'Swaziland', 'North Arvel', '48', '48', '48', 'Voluptatem optio culpa qui porro fuga aut. Maiores est maiores deserunt eum et et qui et. Numquam magni voluptatum eveniet aut iste architecto quia.', '3', 'ea', '32001576', 'animi', '0', '64432.1', '218', '1983-09-15', '1996-07-11');
INSERT INTO `excursion` (`id`, `create_date`, `name`, `country`, `city`, `guid_id`, `poto_id`, `video_id`, `text_about`, `duration_min`, `type_going`, `pepeople_count`, `type_individual`, `price_for_one_people`, `sale_amount`, `price_with_sale`, `price_date_start`, `price_date_finish`) VALUES ('49', '2003-01-25 17:20:24', 'Sed iusto fugiat et delectus. Cumque eius eos porro quo illum ullam qui. Alias qui libero et omnis harum.', 'Germany', 'West Parishaven', '49', '49', '49', 'Eveniet autem aliquam iusto beatae aut dolor aperiam est. Expedita est accusamus inventore culpa facere nihil. Asperiores illo perferendis vero voluptas nobis rerum. Alias impedit ex expedita totam.', '961339054', 'nesciunt', '8', 'tempore', '0', '48235600', '17', '1992-01-03', '2020-07-18');
INSERT INTO `excursion` (`id`, `create_date`, `name`, `country`, `city`, `guid_id`, `poto_id`, `video_id`, `text_about`, `duration_min`, `type_going`, `pepeople_count`, `type_individual`, `price_for_one_people`, `sale_amount`, `price_with_sale`, `price_date_start`, `price_date_finish`) VALUES ('50', '2010-03-21 01:08:37', 'Vero ipsum eum corrupti autem nostrum molestias praesentium reprehenderit. Expedita natus porro ducimus labore repellendus similique libero ipsam. Explicabo aut atque tempore pariatur alias.', 'South Georgia and the South Sandwich Islands', 'North Amoshaven', '50', '50', '50', 'Ipsa aut ipsum nihil et suscipit sunt. Ut ut sit autem. Voluptatem voluptas maxime nihil ut.', '41654443', 'illo', '937920', 'rerum', '196056897', '7695530', '39528', '2005-10-16', '2019-05-04');
INSERT INTO `excursion` (`id`, `create_date`, `name`, `country`, `city`, `guid_id`, `poto_id`, `video_id`, `text_about`, `duration_min`, `type_going`, `pepeople_count`, `type_individual`, `price_for_one_people`, `sale_amount`, `price_with_sale`, `price_date_start`, `price_date_finish`) VALUES ('51', '1986-02-25 08:35:42', 'Accusamus et unde earum rem veniam magni odio facere. Quidem sed odit sunt non aut mollitia eos.', 'Cayman Islands', 'South Guadalupeville', '51', '51', '51', 'Sed et alias consequatur placeat dolores. Alias quae cum sit minus sit. Itaque placeat laboriosam voluptas officiis consectetur.', '563', 'tenetur', '903902928', 'aspernatur', '170', '0.907552', '71810', '2002-09-10', '1970-05-03');
INSERT INTO `excursion` (`id`, `create_date`, `name`, `country`, `city`, `guid_id`, `poto_id`, `video_id`, `text_about`, `duration_min`, `type_going`, `pepeople_count`, `type_individual`, `price_for_one_people`, `sale_amount`, `price_with_sale`, `price_date_start`, `price_date_finish`) VALUES ('52', '2002-09-20 20:38:14', 'Perspiciatis nesciunt veniam id adipisci doloribus consequatur repellendus. At quas rerum necessitatibus. Eius fugiat ullam quas. Recusandae exercitationem unde porro assumenda.', 'Guernsey', 'Smithamhaven', '52', '52', '52', 'Dolores mollitia maiores sequi ut aut in. Facilis quaerat aut deleniti labore est minima. Aperiam dicta quia officia non corporis.', '3', 'tenetur', '4', 'vel', '34545497', '6768380', '363117', '2013-11-23', '2003-09-03');
INSERT INTO `excursion` (`id`, `create_date`, `name`, `country`, `city`, `guid_id`, `poto_id`, `video_id`, `text_about`, `duration_min`, `type_going`, `pepeople_count`, `type_individual`, `price_for_one_people`, `sale_amount`, `price_with_sale`, `price_date_start`, `price_date_finish`) VALUES ('53', '2004-06-11 08:06:47', 'Consequatur ab tempora autem laudantium. Facere earum perspiciatis quia fuga natus. Modi et velit quis corrupti provident. Sint molestias delectus rerum quia consequatur.', 'Bolivia', 'Lake Justiceshire', '53', '53', '53', 'Quas cumque quia quia sed earum. Sit nemo aut sunt. Cupiditate sequi molestiae quam minus culpa quisquam. Rerum quis quia et molestiae quas qui illum temporibus.', '2139212', 'magnam', '3975713', 'esse', '4', '22683.5', '4', '2014-04-24', '2009-09-10');
INSERT INTO `excursion` (`id`, `create_date`, `name`, `country`, `city`, `guid_id`, `poto_id`, `video_id`, `text_about`, `duration_min`, `type_going`, `pepeople_count`, `type_individual`, `price_for_one_people`, `sale_amount`, `price_with_sale`, `price_date_start`, `price_date_finish`) VALUES ('54', '1997-06-20 02:31:13', 'Omnis magnam quasi eius sit. Aut asperiores blanditiis est deserunt. Alias saepe nostrum in odit minus dignissimos ut.', 'Lesotho', 'Port Rockyburgh', '54', '54', '54', 'Iure molestiae sint voluptatem autem. Molestiae quaerat omnis dignissimos voluptatem vero qui. Velit quos possimus numquam nisi ea rerum eius. Suscipit fugiat blanditiis laborum animi ad aut sint.', '52204351', 'laborum', '99', 'voluptas', '3', '77353.3', '261', '2017-05-17', '2004-08-24');
INSERT INTO `excursion` (`id`, `create_date`, `name`, `country`, `city`, `guid_id`, `poto_id`, `video_id`, `text_about`, `duration_min`, `type_going`, `pepeople_count`, `type_individual`, `price_for_one_people`, `sale_amount`, `price_with_sale`, `price_date_start`, `price_date_finish`) VALUES ('55', '2013-04-11 04:11:23', 'Labore adipisci enim beatae unde. Nesciunt explicabo voluptatem ut sapiente possimus deserunt vitae. Aspernatur nobis vitae inventore dolor totam. Cum impedit dolores deserunt.', 'Mozambique', 'New Keaganmouth', '55', '55', '55', 'Voluptatem et fugit hic earum libero. Sunt vero maiores minus cum omnis. Nesciunt doloribus suscipit et. At quia explicabo assumenda animi aut ab voluptatem.', '54953', 'atque', '5', 'et', '160006', '10', '50812453', '2010-11-01', '1970-01-03');
INSERT INTO `excursion` (`id`, `create_date`, `name`, `country`, `city`, `guid_id`, `poto_id`, `video_id`, `text_about`, `duration_min`, `type_going`, `pepeople_count`, `type_individual`, `price_for_one_people`, `sale_amount`, `price_with_sale`, `price_date_start`, `price_date_finish`) VALUES ('56', '2018-02-10 05:04:55', 'Voluptas fugit velit sit aperiam eligendi aut corporis. Quaerat veritatis ad et et. Et quia sed ab voluptatibus.', 'Malawi', 'Lake Rossiefurt', '56', '56', '56', 'Sapiente enim totam nemo repellendus vitae ut. Natus nihil et et. Mollitia voluptatibus quisquam dolor minus occaecati assumenda aut.', '30024622', 'inventore', '14204', 'repudiandae', '3028', '64863400', '7', '1989-12-22', '1990-12-05');
INSERT INTO `excursion` (`id`, `create_date`, `name`, `country`, `city`, `guid_id`, `poto_id`, `video_id`, `text_about`, `duration_min`, `type_going`, `pepeople_count`, `type_individual`, `price_for_one_people`, `sale_amount`, `price_with_sale`, `price_date_start`, `price_date_finish`) VALUES ('57', '1997-11-27 13:37:23', 'Doloremque assumenda iure velit commodi aut quam. Pariatur officia ea veritatis aut dolores sit. Architecto ullam omnis qui.', 'Cocos (Keeling) Islands', 'South Edgardo', '57', '57', '57', 'Repellat doloribus ut quo asperiores pariatur. Repellat provident optio ut ab placeat. Nesciunt numquam doloribus sapiente porro velit est enim. Aut fugit harum delectus est dolorem hic non.', '9363119', 'dicta', '779941799', 'in', '58311469', '3.1', '61235628', '1984-07-29', '2003-07-25');
INSERT INTO `excursion` (`id`, `create_date`, `name`, `country`, `city`, `guid_id`, `poto_id`, `video_id`, `text_about`, `duration_min`, `type_going`, `pepeople_count`, `type_individual`, `price_for_one_people`, `sale_amount`, `price_with_sale`, `price_date_start`, `price_date_finish`) VALUES ('58', '1995-12-05 08:29:01', 'Laborum delectus voluptatem ut voluptatem. Aspernatur ipsum et voluptatem error. Ut maxime qui aperiam voluptates error nihil eius culpa.', 'Brunei Darussalam', 'Bernieceburgh', '58', '58', '58', 'Veritatis accusamus quis sed quae natus magni. Sint iure ipsum est illum ipsum odio aliquam. Facere expedita reprehenderit asperiores. Ea et voluptas doloribus corrupti sint provident.', '38982', 'necessitatibus', '670', 'quas', '39535', '153.514', '34189405', '1972-05-22', '1981-04-15');
INSERT INTO `excursion` (`id`, `create_date`, `name`, `country`, `city`, `guid_id`, `poto_id`, `video_id`, `text_about`, `duration_min`, `type_going`, `pepeople_count`, `type_individual`, `price_for_one_people`, `sale_amount`, `price_with_sale`, `price_date_start`, `price_date_finish`) VALUES ('59', '2017-02-28 12:49:43', 'Iusto unde modi quis repellendus. Accusantium qui cum occaecati laudantium dolor. Voluptatum repudiandae sit voluptatum ut.', 'Portugal', 'Krisberg', '59', '59', '59', 'Aliquam vero quod est delectus blanditiis. Eum excepturi ut magni molestiae vero. Voluptates recusandae voluptatem qui est. Exercitationem rerum eos eum harum quod odit.', '0', 'ut', '87342991', 'perferendis', '155', '428699', '0', '2018-10-01', '1971-02-10');
INSERT INTO `excursion` (`id`, `create_date`, `name`, `country`, `city`, `guid_id`, `poto_id`, `video_id`, `text_about`, `duration_min`, `type_going`, `pepeople_count`, `type_individual`, `price_for_one_people`, `sale_amount`, `price_with_sale`, `price_date_start`, `price_date_finish`) VALUES ('60', '2020-07-15 00:20:00', 'Voluptas assumenda quam ut soluta commodi doloremque et. Distinctio eaque magni cum dolorem enim sunt earum. Aut voluptatem autem nisi odio temporibus.', 'Thailand', 'Rueckermouth', '60', '60', '60', 'Id deleniti quidem unde. Reiciendis ullam doloribus at animi et ea. Laudantium sunt nam doloremque voluptas et et exercitationem.', '0', 'praesentium', '7460844', 'ea', '2875283', '211.303', '65', '2017-06-26', '1976-05-23');
INSERT INTO `excursion` (`id`, `create_date`, `name`, `country`, `city`, `guid_id`, `poto_id`, `video_id`, `text_about`, `duration_min`, `type_going`, `pepeople_count`, `type_individual`, `price_for_one_people`, `sale_amount`, `price_with_sale`, `price_date_start`, `price_date_finish`) VALUES ('61', '1973-05-26 22:52:02', 'Iusto autem impedit quod repellendus tenetur. Ducimus nemo dolorem repellendus doloribus sed eos sed.', 'Estonia', 'Lake Cristianview', '61', '61', '61', 'Iste reiciendis quod aperiam nostrum. Nihil dolores rerum et est sunt suscipit est. Quia ut labore libero minima. Consequuntur iusto voluptatem fuga unde et et.', '876346432', 'temporibus', '848', 'quod', '0', '43972500', '27643817', '2004-11-27', '1971-12-07');
INSERT INTO `excursion` (`id`, `create_date`, `name`, `country`, `city`, `guid_id`, `poto_id`, `video_id`, `text_about`, `duration_min`, `type_going`, `pepeople_count`, `type_individual`, `price_for_one_people`, `sale_amount`, `price_with_sale`, `price_date_start`, `price_date_finish`) VALUES ('62', '2005-12-03 01:07:18', 'Quidem ut voluptas perspiciatis vitae incidunt. Rerum et nam recusandae qui deleniti est. Dolores harum fugit dolorem. Modi doloremque atque tenetur sit.', 'Iran', 'Bergemouth', '62', '62', '62', 'Laborum alias deleniti eum nihil labore nesciunt eius. Quis eum ratione rerum. Blanditiis ullam et ratione illum corporis omnis.', '9', 'blanditiis', '4', 'aut', '300510', '39425600', '623', '2014-06-10', '2000-01-09');
INSERT INTO `excursion` (`id`, `create_date`, `name`, `country`, `city`, `guid_id`, `poto_id`, `video_id`, `text_about`, `duration_min`, `type_going`, `pepeople_count`, `type_individual`, `price_for_one_people`, `sale_amount`, `price_with_sale`, `price_date_start`, `price_date_finish`) VALUES ('63', '2011-01-05 02:03:52', 'Fugit quod ab vitae ad eos ut soluta. Minima aut voluptatem corporis dolorum voluptatem officiis debitis voluptatibus. Repudiandae repellendus excepturi nemo nam veniam sit quas.', 'Cook Islands', 'Walkerport', '63', '63', '63', 'Cum nemo et et. Quaerat ut provident autem sed.', '579343', 'occaecati', '838261', 'aut', '19317', '128778000', '3', '2005-07-06', '1975-07-25');
INSERT INTO `excursion` (`id`, `create_date`, `name`, `country`, `city`, `guid_id`, `poto_id`, `video_id`, `text_about`, `duration_min`, `type_going`, `pepeople_count`, `type_individual`, `price_for_one_people`, `sale_amount`, `price_with_sale`, `price_date_start`, `price_date_finish`) VALUES ('64', '2014-09-03 23:27:48', 'Unde similique aut hic quaerat sint. Quae explicabo dolorem hic cupiditate quia. Consequatur sit eos libero.', 'Guatemala', 'Fisherside', '64', '64', '64', 'Tempore perspiciatis molestias consectetur. Dolorum sed qui incidunt delectus iusto. Sunt accusamus dolore quas sit et doloribus esse. Similique asperiores asperiores ratione perferendis.', '39', 'est', '297', 'ut', '413682', '2925.1', '148', '2004-11-22', '1977-06-10');
INSERT INTO `excursion` (`id`, `create_date`, `name`, `country`, `city`, `guid_id`, `poto_id`, `video_id`, `text_about`, `duration_min`, `type_going`, `pepeople_count`, `type_individual`, `price_for_one_people`, `sale_amount`, `price_with_sale`, `price_date_start`, `price_date_finish`) VALUES ('65', '2002-02-07 18:23:40', 'Veritatis ea id tenetur id autem est exercitationem. A quia assumenda ut minima cupiditate in. Soluta enim enim vero harum eveniet. Molestiae sapiente aut magni consectetur.', 'Israel', 'South Ahmadborough', '65', '65', '65', 'Nam quo velit nesciunt aut quia. Corrupti occaecati modi rerum id alias. Ipsam aperiam ut similique ut sed.', '543678536', 'soluta', '1759157', 'animi', '70731', '73', '14689425', '1984-08-21', '1972-01-24');
INSERT INTO `excursion` (`id`, `create_date`, `name`, `country`, `city`, `guid_id`, `poto_id`, `video_id`, `text_about`, `duration_min`, `type_going`, `pepeople_count`, `type_individual`, `price_for_one_people`, `sale_amount`, `price_with_sale`, `price_date_start`, `price_date_finish`) VALUES ('66', '2007-10-27 15:14:58', 'Nostrum tempore est modi similique perspiciatis odit totam. Quis sapiente a deleniti quasi voluptate. Repudiandae quis velit dolores. Atque iure quod ut et.', 'United Kingdom', 'Naomietown', '66', '66', '66', 'In aut sed est qui repudiandae laborum. Enim laborum autem accusamus ex sint omnis. Eveniet ut distinctio qui numquam impedit nemo esse perferendis.', '2', 'iure', '6', 'nisi', '8', '9467150', '3057521', '1998-11-14', '1982-10-23');
INSERT INTO `excursion` (`id`, `create_date`, `name`, `country`, `city`, `guid_id`, `poto_id`, `video_id`, `text_about`, `duration_min`, `type_going`, `pepeople_count`, `type_individual`, `price_for_one_people`, `sale_amount`, `price_with_sale`, `price_date_start`, `price_date_finish`) VALUES ('67', '1971-06-23 06:54:35', 'Sed est officiis qui illo ipsa. Facilis ut nesciunt et nulla molestiae sed. Enim aut eum voluptatem vero dolor exercitationem aut. Illum architecto cum aut eaque quas fugiat nostrum et.', 'Egypt', 'Harberfort', '67', '67', '67', 'Eius saepe quis aliquam enim. Eos animi rem voluptatem impedit incidunt. Iusto id reiciendis quas et iusto et est.', '1805876', 'sunt', '108652598', 'deleniti', '338809004', '291498', '188948', '1994-04-21', '2008-06-11');
INSERT INTO `excursion` (`id`, `create_date`, `name`, `country`, `city`, `guid_id`, `poto_id`, `video_id`, `text_about`, `duration_min`, `type_going`, `pepeople_count`, `type_individual`, `price_for_one_people`, `sale_amount`, `price_with_sale`, `price_date_start`, `price_date_finish`) VALUES ('68', '2003-03-07 18:23:09', 'Expedita excepturi fuga sit est consectetur. Eius vitae temporibus tempora illum cumque magni autem. Aliquam quam quidem cupiditate omnis tempore veniam. Explicabo sunt consequatur aut dolorum ad.', 'Germany', 'Greysonview', '68', '68', '68', 'Consequatur maiores sit ducimus ullam. Quidem non nulla voluptatem et. Quos iure ea laudantium esse cum placeat quos iusto.', '3423485', 'quod', '814', 'dolorem', '5455443', '63921100', '3', '2007-05-20', '1982-04-07');
INSERT INTO `excursion` (`id`, `create_date`, `name`, `country`, `city`, `guid_id`, `poto_id`, `video_id`, `text_about`, `duration_min`, `type_going`, `pepeople_count`, `type_individual`, `price_for_one_people`, `sale_amount`, `price_with_sale`, `price_date_start`, `price_date_finish`) VALUES ('69', '1991-08-06 21:10:00', 'Reprehenderit dignissimos placeat incidunt numquam reiciendis saepe. Molestiae et iure est provident dolor nulla enim. Velit numquam nesciunt ut facere.', 'Fiji', 'Bradtkeberg', '69', '69', '69', 'Magnam quia dolore voluptatem eveniet sint non. Illo ea consequatur quia ad voluptate. Qui odio voluptate excepturi dignissimos iure provident.', '23737929', 'ut', '79829', 'quae', '5', '58412', '48543089', '2016-08-14', '2016-08-20');
INSERT INTO `excursion` (`id`, `create_date`, `name`, `country`, `city`, `guid_id`, `poto_id`, `video_id`, `text_about`, `duration_min`, `type_going`, `pepeople_count`, `type_individual`, `price_for_one_people`, `sale_amount`, `price_with_sale`, `price_date_start`, `price_date_finish`) VALUES ('70', '1991-11-12 00:11:54', 'Porro nam dolorem dolorum id autem voluptatem. Ex molestiae quam deserunt. Quis qui qui cupiditate provident at alias. Omnis aut culpa laborum sit eius explicabo quidem.', 'Reunion', 'Bodemouth', '70', '70', '70', 'Beatae est excepturi eos ab in. Est qui necessitatibus est labore cupiditate deserunt. Voluptatibus enim et ad veniam. Ut labore unde mollitia commodi deleniti nesciunt doloremque.', '319204353', 'odit', '502', 'quo', '640', '3', '46', '2011-12-09', '1976-01-23');
INSERT INTO `excursion` (`id`, `create_date`, `name`, `country`, `city`, `guid_id`, `poto_id`, `video_id`, `text_about`, `duration_min`, `type_going`, `pepeople_count`, `type_individual`, `price_for_one_people`, `sale_amount`, `price_with_sale`, `price_date_start`, `price_date_finish`) VALUES ('71', '2007-10-17 21:53:55', 'Sint blanditiis et ipsa quas blanditiis aut necessitatibus praesentium. Dolorem dolor aut quo ipsa mollitia ut dicta. Distinctio provident reiciendis cum et.', 'Sierra Leone', 'West Laurenside', '71', '71', '71', 'Amet distinctio voluptas hic corporis. Exercitationem vel et laudantium consequatur tempore et. Sapiente hic laboriosam amet ipsam facilis qui.', '4140', 'tenetur', '4494', 'vitae', '1640410', '0', '0', '1989-10-10', '1971-04-16');
INSERT INTO `excursion` (`id`, `create_date`, `name`, `country`, `city`, `guid_id`, `poto_id`, `video_id`, `text_about`, `duration_min`, `type_going`, `pepeople_count`, `type_individual`, `price_for_one_people`, `sale_amount`, `price_with_sale`, `price_date_start`, `price_date_finish`) VALUES ('72', '1986-01-21 18:20:00', 'Perspiciatis deserunt perspiciatis dicta. Rerum nulla pariatur in quia qui optio dolorum. Quas non ipsa perspiciatis reiciendis aut est vitae.', 'Bermuda', 'Port Enriqueton', '72', '72', '72', 'In ullam voluptatum ad enim iusto. Non eligendi beatae atque itaque mollitia dolorum omnis. Et est aliquam molestias aut voluptatum quod. Quia assumenda error inventore et eos eum.', '4302', 'aut', '63559281', 'numquam', '1', '14.586', '16451751', '2017-03-18', '1987-01-24');
INSERT INTO `excursion` (`id`, `create_date`, `name`, `country`, `city`, `guid_id`, `poto_id`, `video_id`, `text_about`, `duration_min`, `type_going`, `pepeople_count`, `type_individual`, `price_for_one_people`, `sale_amount`, `price_with_sale`, `price_date_start`, `price_date_finish`) VALUES ('73', '1976-12-10 11:06:34', 'Voluptatibus impedit fuga voluptas harum velit exercitationem a. Corrupti aperiam nam voluptas quia quis. Iusto voluptas iure exercitationem enim accusamus beatae. Distinctio et incidunt et sit enim.', 'Brazil', 'East Murphy', '73', '73', '73', 'Mollitia tempore eum ipsam quod ut aut impedit ipsa. Est est atque suscipit molestias. Ratione molestiae corporis quidem animi explicabo unde. Quaerat et explicabo animi eligendi delectus.', '404735', 'sunt', '405701', 'eum', '0', '38', '176780422', '1975-10-21', '1996-11-13');
INSERT INTO `excursion` (`id`, `create_date`, `name`, `country`, `city`, `guid_id`, `poto_id`, `video_id`, `text_about`, `duration_min`, `type_going`, `pepeople_count`, `type_individual`, `price_for_one_people`, `sale_amount`, `price_with_sale`, `price_date_start`, `price_date_finish`) VALUES ('74', '2018-08-12 17:59:32', 'Dolore laborum quia laudantium dignissimos sit quia qui. Voluptatem in veritatis nobis. Sint libero aliquid est ullam sed corporis minus.', 'India', 'Alexandriachester', '74', '74', '74', 'Occaecati culpa natus non veritatis nobis voluptatem quia. Atque distinctio necessitatibus modi quia. Ea itaque vitae deleniti atque.', '394', 'et', '584725422', 'quia', '2624', '1770950', '55105285', '2019-12-08', '2016-04-20');
INSERT INTO `excursion` (`id`, `create_date`, `name`, `country`, `city`, `guid_id`, `poto_id`, `video_id`, `text_about`, `duration_min`, `type_going`, `pepeople_count`, `type_individual`, `price_for_one_people`, `sale_amount`, `price_with_sale`, `price_date_start`, `price_date_finish`) VALUES ('75', '1985-09-14 14:50:29', 'Aperiam autem nisi dolore suscipit. Consectetur repellendus aperiam occaecati dolor possimus dicta est. Qui velit dolor et quia.', 'Mayotte', 'New Tess', '75', '75', '75', 'Commodi nostrum deserunt reiciendis hic porro. Placeat qui earum tempora reiciendis. Sapiente blanditiis repellat sit non. Omnis et omnis voluptatum assumenda soluta dolorem.', '55', 'sed', '7800', 'aut', '3011', '4982.59', '487', '1976-03-13', '1986-04-18');
INSERT INTO `excursion` (`id`, `create_date`, `name`, `country`, `city`, `guid_id`, `poto_id`, `video_id`, `text_about`, `duration_min`, `type_going`, `pepeople_count`, `type_individual`, `price_for_one_people`, `sale_amount`, `price_with_sale`, `price_date_start`, `price_date_finish`) VALUES ('76', '1985-05-13 03:41:08', 'Vitae libero natus impedit qui non aut accusantium. Quod vero repellendus consequatur. Occaecati magni sunt molestias. Veritatis laborum harum repellat et.', 'Indonesia', 'Terencefurt', '76', '76', '76', 'Nisi consectetur eos qui laboriosam voluptatum omnis repellat. Et ea nam magni voluptate. Ipsum est consequatur itaque et totam.', '61057614', 'delectus', '55703', 'sint', '0', '464.801', '483224367', '1986-06-25', '1988-02-29');
INSERT INTO `excursion` (`id`, `create_date`, `name`, `country`, `city`, `guid_id`, `poto_id`, `video_id`, `text_about`, `duration_min`, `type_going`, `pepeople_count`, `type_individual`, `price_for_one_people`, `sale_amount`, `price_with_sale`, `price_date_start`, `price_date_finish`) VALUES ('77', '2001-09-19 13:30:41', 'Voluptatibus repellat quia velit. Sit accusamus vel dolorem cupiditate quod quod. Nobis corrupti consequatur quos et. Consequuntur voluptatem dolores rerum non voluptas eveniet alias.', 'Dominican Republic', 'Williamsonshire', '77', '77', '77', 'Velit exercitationem voluptatum reprehenderit enim sint eum. Doloremque ex voluptatem qui vitae harum blanditiis ea. Ratione nesciunt unde sunt sint. Illum quis quia ab dignissimos.', '445', 'et', '32', 'vel', '0', '238819000', '147535855', '1995-02-07', '1997-02-24');
INSERT INTO `excursion` (`id`, `create_date`, `name`, `country`, `city`, `guid_id`, `poto_id`, `video_id`, `text_about`, `duration_min`, `type_going`, `pepeople_count`, `type_individual`, `price_for_one_people`, `sale_amount`, `price_with_sale`, `price_date_start`, `price_date_finish`) VALUES ('78', '1983-01-08 09:14:10', 'Ipsam aspernatur et culpa facilis. Ipsum temporibus consectetur sunt. Ut occaecati repudiandae sapiente rem harum nostrum fuga.', 'Venezuela', 'Tavareston', '78', '78', '78', 'Praesentium est eum assumenda optio qui. Dolore placeat numquam tenetur. Voluptatem rerum non ut ut est suscipit voluptate velit. Animi eaque libero aliquam at.', '2936946', 'quibusdam', '752733069', 'quia', '582378', '789526', '317990', '2012-11-23', '1997-06-11');
INSERT INTO `excursion` (`id`, `create_date`, `name`, `country`, `city`, `guid_id`, `poto_id`, `video_id`, `text_about`, `duration_min`, `type_going`, `pepeople_count`, `type_individual`, `price_for_one_people`, `sale_amount`, `price_with_sale`, `price_date_start`, `price_date_finish`) VALUES ('79', '2008-05-29 07:11:29', 'Temporibus et est et rerum. Accusamus pariatur fugit consequatur non est ipsa vero. Quaerat quo officia doloremque consectetur praesentium molestiae doloremque totam.', 'Mauritius', 'Port Cleveland', '79', '79', '79', 'Quis quaerat libero quam itaque ea minima. Eligendi omnis nihil ut enim. Inventore voluptas hic itaque sit iusto.', '5049', 'quo', '912651', 'quod', '528740', '6.45', '0', '2018-01-10', '2008-11-20');
INSERT INTO `excursion` (`id`, `create_date`, `name`, `country`, `city`, `guid_id`, `poto_id`, `video_id`, `text_about`, `duration_min`, `type_going`, `pepeople_count`, `type_individual`, `price_for_one_people`, `sale_amount`, `price_with_sale`, `price_date_start`, `price_date_finish`) VALUES ('80', '2011-08-21 16:20:22', 'Quibusdam quia impedit porro sed quia aut. Architecto qui maiores et qui rerum. Sunt magni molestias officia assumenda.', 'Cook Islands', 'Genesismouth', '80', '80', '80', 'Aut consequuntur magnam et est possimus rerum vero. Et fuga repudiandae voluptas ea perspiciatis eum. Quia nihil aut illo. Ipsam sapiente odit nihil.', '31758114', 'consequuntur', '61', 'perspiciatis', '2391', '200454000', '62384', '2017-03-04', '2016-03-23');
INSERT INTO `excursion` (`id`, `create_date`, `name`, `country`, `city`, `guid_id`, `poto_id`, `video_id`, `text_about`, `duration_min`, `type_going`, `pepeople_count`, `type_individual`, `price_for_one_people`, `sale_amount`, `price_with_sale`, `price_date_start`, `price_date_finish`) VALUES ('81', '2014-05-26 19:43:41', 'Vel quos voluptas tempore perferendis dignissimos quaerat. Id quas corrupti labore perferendis ex in est adipisci. Consequatur aut facilis omnis natus nesciunt.', 'Georgia', 'Monahanview', '81', '81', '81', 'Ut vel ut fuga temporibus numquam voluptatem. Veniam porro at reiciendis perspiciatis et corporis. Non ipsam ut praesentium quisquam ut aut tempora. Dolor quia voluptatem quibusdam consequatur.', '57', 'quidem', '0', 'reiciendis', '0', '0.1', '162', '1997-07-19', '1991-09-23');
INSERT INTO `excursion` (`id`, `create_date`, `name`, `country`, `city`, `guid_id`, `poto_id`, `video_id`, `text_about`, `duration_min`, `type_going`, `pepeople_count`, `type_individual`, `price_for_one_people`, `sale_amount`, `price_with_sale`, `price_date_start`, `price_date_finish`) VALUES ('82', '1989-11-25 10:38:06', 'Id maiores sit vel. Ullam molestias sit quis nesciunt dolores sunt nemo.\nAliquam hic libero in est consectetur. Sed molestiae odio incidunt sed omnis et. Eius autem magnam vero quos vitae quis ut.', 'South Georgia and the South Sandwich Islands', 'Hyattville', '82', '82', '82', 'Quos est assumenda maxime atque sunt aut aliquam officiis. Nam voluptatem sed voluptatibus quaerat. Voluptatem eum quas soluta et. Facilis quas dolore omnis voluptatum optio qui.', '2', 'sint', '9', 'hic', '137285', '80104.5', '1', '2020-09-09', '2017-07-17');
INSERT INTO `excursion` (`id`, `create_date`, `name`, `country`, `city`, `guid_id`, `poto_id`, `video_id`, `text_about`, `duration_min`, `type_going`, `pepeople_count`, `type_individual`, `price_for_one_people`, `sale_amount`, `price_with_sale`, `price_date_start`, `price_date_finish`) VALUES ('83', '2006-02-27 20:19:17', 'Ad ex cum non et natus praesentium tempora. Aut labore ad in quia. Possimus est sed dolorum quis sed reprehenderit. Doloribus aut mollitia quibusdam provident corrupti et.', 'Switzerland', 'Lake Jerry', '83', '83', '83', 'Molestias assumenda sunt sequi voluptatum aspernatur. Occaecati alias cumque neque doloribus. Perferendis dolorem quas error voluptas officiis. Vero est labore aut rerum.', '0', 'quisquam', '96999', 'facilis', '6119446', '0', '6104862', '1999-01-08', '2008-04-20');
INSERT INTO `excursion` (`id`, `create_date`, `name`, `country`, `city`, `guid_id`, `poto_id`, `video_id`, `text_about`, `duration_min`, `type_going`, `pepeople_count`, `type_individual`, `price_for_one_people`, `sale_amount`, `price_with_sale`, `price_date_start`, `price_date_finish`) VALUES ('84', '1984-05-04 22:26:36', 'Sint et incidunt ipsum qui dignissimos aut sapiente quisquam. Aut et provident impedit et unde animi voluptatem. Voluptas dolores enim est autem. Voluptate non perspiciatis laudantium odit.', 'New Zealand', 'North Nyasiatown', '84', '84', '84', 'Velit culpa consequatur earum et cum. Deserunt ipsa quas sunt. Tenetur ratione iure vero harum inventore. Et commodi in necessitatibus dolorem corporis dolores dolorum.', '3799', 'qui', '362', 'nam', '565402', '5.2974', '167303526', '1983-11-20', '1996-09-05');
INSERT INTO `excursion` (`id`, `create_date`, `name`, `country`, `city`, `guid_id`, `poto_id`, `video_id`, `text_about`, `duration_min`, `type_going`, `pepeople_count`, `type_individual`, `price_for_one_people`, `sale_amount`, `price_with_sale`, `price_date_start`, `price_date_finish`) VALUES ('85', '2000-03-16 18:28:51', 'Id modi voluptatem magnam facere consequatur. Exercitationem qui et asperiores velit architecto voluptates. Impedit quia autem voluptatibus recusandae et magni. Aut odio qui voluptas.', 'Latvia', 'Port Hillary', '85', '85', '85', 'Rerum sint consectetur aut et. Quia ex est magnam non aut placeat. Earum distinctio facilis molestiae suscipit.', '66695', 'sed', '0', 'et', '139', '13720.8', '40014528', '1970-04-05', '1974-10-10');
INSERT INTO `excursion` (`id`, `create_date`, `name`, `country`, `city`, `guid_id`, `poto_id`, `video_id`, `text_about`, `duration_min`, `type_going`, `pepeople_count`, `type_individual`, `price_for_one_people`, `sale_amount`, `price_with_sale`, `price_date_start`, `price_date_finish`) VALUES ('86', '2017-07-22 05:11:14', 'Dolores facere eum nihil quibusdam et corrupti alias. Ipsum doloremque laboriosam quia enim. Architecto fuga sed et est.', 'Macao', 'North Jaquelin', '86', '86', '86', 'Et repellendus qui ea voluptas omnis. Asperiores vero totam et veniam. Quasi cupiditate neque voluptatum blanditiis inventore sed. Est nulla sed qui consequatur ut consectetur.', '0', 'ut', '3468', 'quia', '8', '637.667', '2', '1999-09-06', '1999-06-19');
INSERT INTO `excursion` (`id`, `create_date`, `name`, `country`, `city`, `guid_id`, `poto_id`, `video_id`, `text_about`, `duration_min`, `type_going`, `pepeople_count`, `type_individual`, `price_for_one_people`, `sale_amount`, `price_with_sale`, `price_date_start`, `price_date_finish`) VALUES ('87', '2012-07-12 05:38:04', 'Cupiditate consectetur enim et voluptas sunt dolores aperiam. Ipsa qui sit asperiores quod. Id aliquam molestiae dolore.', 'South Georgia and the South Sandwich Islands', 'North Kayden', '87', '87', '87', 'Ducimus ut et mollitia qui. Quas nihil nam facere.\nImpedit inventore necessitatibus labore. Totam deserunt dicta hic aut. Eius eum iusto et quisquam hic temporibus.', '3289736', 'et', '56987952', 'sunt', '51', '207597000', '0', '2003-07-28', '2001-08-23');
INSERT INTO `excursion` (`id`, `create_date`, `name`, `country`, `city`, `guid_id`, `poto_id`, `video_id`, `text_about`, `duration_min`, `type_going`, `pepeople_count`, `type_individual`, `price_for_one_people`, `sale_amount`, `price_with_sale`, `price_date_start`, `price_date_finish`) VALUES ('88', '2018-05-14 17:59:40', 'Reprehenderit qui voluptatum saepe quis ut autem vero. Qui est et quasi ea asperiores. Tempore non voluptatibus voluptatem.', 'Bhutan', 'Lake Pasqualeland', '88', '88', '88', 'Laborum aliquam iste ut ab dolorum eius perspiciatis. Laudantium debitis fugiat ut illo qui voluptates. Maxime et beatae ex voluptates.', '945259', 'vel', '925603679', 'veniam', '0', '7201.29', '0', '1991-12-23', '1973-10-02');
INSERT INTO `excursion` (`id`, `create_date`, `name`, `country`, `city`, `guid_id`, `poto_id`, `video_id`, `text_about`, `duration_min`, `type_going`, `pepeople_count`, `type_individual`, `price_for_one_people`, `sale_amount`, `price_with_sale`, `price_date_start`, `price_date_finish`) VALUES ('89', '1977-11-15 19:21:19', 'Quo porro cum quae. Sed assumenda aut optio eligendi. Sapiente molestiae qui assumenda ad sed. Accusamus dolorem ut maiores.', 'Chad', 'Purdyburgh', '89', '89', '89', 'Eligendi odio aspernatur perspiciatis sed recusandae nihil quia. Ut quibusdam id vitae repellat iusto. Magnam dolore voluptatum consequatur. Architecto vel eum veritatis vitae.', '2161560', 'voluptatibus', '7440912', 'similique', '3', '1310410', '0', '1988-04-10', '2010-02-11');
INSERT INTO `excursion` (`id`, `create_date`, `name`, `country`, `city`, `guid_id`, `poto_id`, `video_id`, `text_about`, `duration_min`, `type_going`, `pepeople_count`, `type_individual`, `price_for_one_people`, `sale_amount`, `price_with_sale`, `price_date_start`, `price_date_finish`) VALUES ('90', '1983-06-28 18:47:32', 'Voluptas fugit consequuntur reiciendis laboriosam tempora. Harum et non corporis beatae. Voluptatem culpa est aliquam consequatur quo illum.', 'Jordan', 'North Magdalena', '90', '90', '90', 'Non facere accusamus beatae dignissimos ex doloremque aut. Molestias amet quae magni. Omnis cum repellendus facere harum sed iusto.\nIpsam voluptate deserunt ut omnis. Ut quam ut sed quod quia vero.', '1686', 'impedit', '7770', 'aut', '30', '0.129', '32532', '1978-05-08', '1983-04-24');
INSERT INTO `excursion` (`id`, `create_date`, `name`, `country`, `city`, `guid_id`, `poto_id`, `video_id`, `text_about`, `duration_min`, `type_going`, `pepeople_count`, `type_individual`, `price_for_one_people`, `sale_amount`, `price_with_sale`, `price_date_start`, `price_date_finish`) VALUES ('91', '2004-12-17 22:47:24', 'Eum magnam nostrum sed. Odit laborum accusamus dolor aut. Blanditiis voluptatem non velit quibusdam.', 'Congo', 'Predovicchester', '91', '91', '91', 'Ullam qui minus nisi error ex officiis dolor. Hic quidem voluptates ratione voluptas sit. Quas necessitatibus velit at.', '0', 'fugiat', '681', 'in', '1', '0.768537', '4279276', '1979-11-30', '1999-10-06');
INSERT INTO `excursion` (`id`, `create_date`, `name`, `country`, `city`, `guid_id`, `poto_id`, `video_id`, `text_about`, `duration_min`, `type_going`, `pepeople_count`, `type_individual`, `price_for_one_people`, `sale_amount`, `price_with_sale`, `price_date_start`, `price_date_finish`) VALUES ('92', '2003-07-30 15:59:13', 'At corrupti aut ut. Cupiditate recusandae pariatur ipsam voluptates nulla molestiae. Modi ratione ratione molestias natus quisquam. Deserunt quaerat est sit aspernatur voluptas.', 'Zambia', 'West Brooklyn', '92', '92', '92', 'Qui eveniet aut possimus ratione. Numquam qui sed labore impedit tenetur reprehenderit molestiae. Hic quasi ducimus quis eum praesentium.', '6', 'voluptatem', '3541337', 'voluptatem', '67841', '9.98352', '54', '2003-11-02', '1981-11-08');
INSERT INTO `excursion` (`id`, `create_date`, `name`, `country`, `city`, `guid_id`, `poto_id`, `video_id`, `text_about`, `duration_min`, `type_going`, `pepeople_count`, `type_individual`, `price_for_one_people`, `sale_amount`, `price_with_sale`, `price_date_start`, `price_date_finish`) VALUES ('93', '2006-05-03 08:01:03', 'Facere omnis aut ex voluptatem nisi. Nemo facilis nobis quisquam commodi blanditiis. Quasi nisi quia itaque earum ad repudiandae et.', 'Barbados', 'East Leatha', '93', '93', '93', 'Nam quis saepe nemo dolorem modi accusantium tempore. Ut ducimus accusantium ea. Perspiciatis aut sed cupiditate eius.', '382284', 'et', '30', 'architecto', '151', '85119.1', '0', '2002-12-31', '2008-05-26');
INSERT INTO `excursion` (`id`, `create_date`, `name`, `country`, `city`, `guid_id`, `poto_id`, `video_id`, `text_about`, `duration_min`, `type_going`, `pepeople_count`, `type_individual`, `price_for_one_people`, `sale_amount`, `price_with_sale`, `price_date_start`, `price_date_finish`) VALUES ('94', '1997-02-04 14:18:17', 'Repellat vel ea occaecati. Corrupti reiciendis vero soluta et. Dolorem nihil omnis incidunt sit animi. Est atque et nihil et rerum.', 'Nicaragua', 'Gleichnershire', '94', '94', '94', 'Voluptas tempore molestias assumenda perspiciatis esse error. Numquam neque consectetur quia cum laboriosam. In quas quibusdam dolores.', '1840', 'illo', '69152', 'facere', '23579', '147.4', '384179', '1993-06-25', '2018-12-25');
INSERT INTO `excursion` (`id`, `create_date`, `name`, `country`, `city`, `guid_id`, `poto_id`, `video_id`, `text_about`, `duration_min`, `type_going`, `pepeople_count`, `type_individual`, `price_for_one_people`, `sale_amount`, `price_with_sale`, `price_date_start`, `price_date_finish`) VALUES ('95', '2003-02-27 17:37:40', 'Quae mollitia ex voluptate laboriosam molestiae. Rem velit ut voluptatum eaque quo provident.', 'Falkland Islands (Malvinas)', 'Laronville', '95', '95', '95', 'Quasi voluptatem id est dignissimos praesentium sunt dolores. Dolores aliquam provident corrupti reiciendis velit deleniti odit. Quibusdam sit minima libero eius optio facere.', '29', 'impedit', '396', 'ut', '5308814', '1944390', '0', '2018-04-11', '1993-05-20');
INSERT INTO `excursion` (`id`, `create_date`, `name`, `country`, `city`, `guid_id`, `poto_id`, `video_id`, `text_about`, `duration_min`, `type_going`, `pepeople_count`, `type_individual`, `price_for_one_people`, `sale_amount`, `price_with_sale`, `price_date_start`, `price_date_finish`) VALUES ('96', '1975-10-08 16:27:02', 'Nemo ipsa molestiae qui quas. Cupiditate quibusdam quia architecto excepturi reprehenderit possimus. Et ullam occaecati eos quo dolores nemo. Quia non in suscipit libero fugiat.', 'Switzerland', 'Port Lenny', '96', '96', '96', 'Natus reiciendis officiis tempore pariatur. Quam qui beatae repellendus est facere optio. Et distinctio nam eius eum. Qui recusandae tempore at qui corrupti sit.', '13650', 'facere', '282', 'est', '3', '65908600', '1', '1972-10-15', '1980-09-03');
INSERT INTO `excursion` (`id`, `create_date`, `name`, `country`, `city`, `guid_id`, `poto_id`, `video_id`, `text_about`, `duration_min`, `type_going`, `pepeople_count`, `type_individual`, `price_for_one_people`, `sale_amount`, `price_with_sale`, `price_date_start`, `price_date_finish`) VALUES ('97', '2011-02-01 20:08:16', 'Ratione tempore aut dolores sit. Sit voluptates quia eligendi in et reprehenderit. Fuga minus ducimus velit aliquam natus ea ut omnis. Corporis ex itaque voluptas modi.', 'Benin', 'Trompport', '97', '97', '97', 'Exercitationem ipsum voluptatem et veniam. Aut nostrum debitis eius possimus architecto nam. Illum error sequi minus laboriosam.', '457', 'vel', '98195157', 'id', '534345009', '67939300', '77136', '1988-04-20', '2010-05-12');
INSERT INTO `excursion` (`id`, `create_date`, `name`, `country`, `city`, `guid_id`, `poto_id`, `video_id`, `text_about`, `duration_min`, `type_going`, `pepeople_count`, `type_individual`, `price_for_one_people`, `sale_amount`, `price_with_sale`, `price_date_start`, `price_date_finish`) VALUES ('98', '2008-10-20 10:11:04', 'Sed aut iure voluptas illo aut nemo. Voluptate quidem voluptas ab quo in. Sit et delectus quia similique.', 'Guinea', 'Mullerfort', '98', '98', '98', 'Ipsa et recusandae voluptate et. Nemo beatae repellendus aut voluptatibus. Blanditiis qui voluptatem officia qui. Qui aut tenetur quod exercitationem soluta adipisci.', '62', 'dignissimos', '9', 'quisquam', '34', '735', '189081', '1987-10-31', '1990-12-22');
INSERT INTO `excursion` (`id`, `create_date`, `name`, `country`, `city`, `guid_id`, `poto_id`, `video_id`, `text_about`, `duration_min`, `type_going`, `pepeople_count`, `type_individual`, `price_for_one_people`, `sale_amount`, `price_with_sale`, `price_date_start`, `price_date_finish`) VALUES ('99', '1984-10-20 16:44:47', 'Veritatis aut atque perferendis ipsam repellendus quia accusamus. Nihil aut libero vero cumque est mollitia. Ut modi nihil sint aut quasi et facilis.', 'Ghana', 'Langoshberg', '99', '99', '99', 'Quibusdam et vel et aliquam id. Qui natus laborum quia optio aut et minus. Iure et veniam accusantium odio.', '0', 'cupiditate', '9', 'quia', '0', '80013.2', '2453', '1997-09-01', '1985-07-12');
INSERT INTO `excursion` (`id`, `create_date`, `name`, `country`, `city`, `guid_id`, `poto_id`, `video_id`, `text_about`, `duration_min`, `type_going`, `pepeople_count`, `type_individual`, `price_for_one_people`, `sale_amount`, `price_with_sale`, `price_date_start`, `price_date_finish`) VALUES ('100', '2017-07-04 00:14:05', 'Quia odit voluptas vitae excepturi sunt officiis autem. Est architecto dolores dolor et. Perferendis sit et qui cumque excepturi.', 'Iraq', 'Romanside', '100', '100', '100', 'Eos hic sed et asperiores. Nostrum sint non sequi hic voluptas incidunt molestiae excepturi. Laudantium cupiditate id sed omnis deserunt.', '145787', 'et', '69330', 'id', '45', '13198200', '8', '1996-05-25', '2017-09-03');

INSERT INTO `additional_costs` (`id`, `excursion_id`, `cost_name`, `cost_price`) VALUES ('1', '1', 'voluptatem', '73049763');
INSERT INTO `additional_costs` (`id`, `excursion_id`, `cost_name`, `cost_price`) VALUES ('2', '2', 'quo', '19787667');
INSERT INTO `additional_costs` (`id`, `excursion_id`, `cost_name`, `cost_price`) VALUES ('3', '3', 'deleniti', '2953387');
INSERT INTO `additional_costs` (`id`, `excursion_id`, `cost_name`, `cost_price`) VALUES ('4', '4', 'tenetur', '1758361');
INSERT INTO `additional_costs` (`id`, `excursion_id`, `cost_name`, `cost_price`) VALUES ('5', '5', 'cumque', '11348');
INSERT INTO `additional_costs` (`id`, `excursion_id`, `cost_name`, `cost_price`) VALUES ('6', '6', 'non', '65');
INSERT INTO `additional_costs` (`id`, `excursion_id`, `cost_name`, `cost_price`) VALUES ('7', '7', 'corporis', '73200');
INSERT INTO `additional_costs` (`id`, `excursion_id`, `cost_name`, `cost_price`) VALUES ('8', '8', 'quam', '40');
INSERT INTO `additional_costs` (`id`, `excursion_id`, `cost_name`, `cost_price`) VALUES ('9', '9', 'est', '6');
INSERT INTO `additional_costs` (`id`, `excursion_id`, `cost_name`, `cost_price`) VALUES ('10', '10', 'occaecati', '148353');
INSERT INTO `additional_costs` (`id`, `excursion_id`, `cost_name`, `cost_price`) VALUES ('11', '11', 'enim', '1920125');
INSERT INTO `additional_costs` (`id`, `excursion_id`, `cost_name`, `cost_price`) VALUES ('12', '12', 'illo', '26245');
INSERT INTO `additional_costs` (`id`, `excursion_id`, `cost_name`, `cost_price`) VALUES ('13', '13', 'assumenda', '7696383');
INSERT INTO `additional_costs` (`id`, `excursion_id`, `cost_name`, `cost_price`) VALUES ('14', '14', 'qui', '17459900');
INSERT INTO `additional_costs` (`id`, `excursion_id`, `cost_name`, `cost_price`) VALUES ('15', '15', 'omnis', '11928');
INSERT INTO `additional_costs` (`id`, `excursion_id`, `cost_name`, `cost_price`) VALUES ('16', '16', 'a', '43002474');
INSERT INTO `additional_costs` (`id`, `excursion_id`, `cost_name`, `cost_price`) VALUES ('17', '17', 'aut', '337');
INSERT INTO `additional_costs` (`id`, `excursion_id`, `cost_name`, `cost_price`) VALUES ('18', '18', 'earum', '235535276');
INSERT INTO `additional_costs` (`id`, `excursion_id`, `cost_name`, `cost_price`) VALUES ('19', '19', 'et', '0');
INSERT INTO `additional_costs` (`id`, `excursion_id`, `cost_name`, `cost_price`) VALUES ('20', '20', 'sequi', '3');
INSERT INTO `additional_costs` (`id`, `excursion_id`, `cost_name`, `cost_price`) VALUES ('21', '21', 'ex', '21519551');
INSERT INTO `additional_costs` (`id`, `excursion_id`, `cost_name`, `cost_price`) VALUES ('22', '22', 'voluptate', '4');
INSERT INTO `additional_costs` (`id`, `excursion_id`, `cost_name`, `cost_price`) VALUES ('23', '23', 'molestias', '7');
INSERT INTO `additional_costs` (`id`, `excursion_id`, `cost_name`, `cost_price`) VALUES ('24', '24', 'quasi', '207');
INSERT INTO `additional_costs` (`id`, `excursion_id`, `cost_name`, `cost_price`) VALUES ('25', '25', 'vel', '8');
INSERT INTO `additional_costs` (`id`, `excursion_id`, `cost_name`, `cost_price`) VALUES ('26', '26', 'eius', '0');
INSERT INTO `additional_costs` (`id`, `excursion_id`, `cost_name`, `cost_price`) VALUES ('27', '27', 'a', '0');
INSERT INTO `additional_costs` (`id`, `excursion_id`, `cost_name`, `cost_price`) VALUES ('28', '28', 'omnis', '47');
INSERT INTO `additional_costs` (`id`, `excursion_id`, `cost_name`, `cost_price`) VALUES ('29', '29', 'est', '194247');
INSERT INTO `additional_costs` (`id`, `excursion_id`, `cost_name`, `cost_price`) VALUES ('30', '30', 'minima', '3632005');
INSERT INTO `additional_costs` (`id`, `excursion_id`, `cost_name`, `cost_price`) VALUES ('31', '31', 'quo', '7');
INSERT INTO `additional_costs` (`id`, `excursion_id`, `cost_name`, `cost_price`) VALUES ('32', '32', 'tempora', '0');
INSERT INTO `additional_costs` (`id`, `excursion_id`, `cost_name`, `cost_price`) VALUES ('33', '33', 'molestiae', '3');
INSERT INTO `additional_costs` (`id`, `excursion_id`, `cost_name`, `cost_price`) VALUES ('34', '34', 'porro', '19421');
INSERT INTO `additional_costs` (`id`, `excursion_id`, `cost_name`, `cost_price`) VALUES ('35', '35', 'dolor', '160077440');
INSERT INTO `additional_costs` (`id`, `excursion_id`, `cost_name`, `cost_price`) VALUES ('36', '36', 'dolorem', '313');
INSERT INTO `additional_costs` (`id`, `excursion_id`, `cost_name`, `cost_price`) VALUES ('37', '37', 'commodi', '646');
INSERT INTO `additional_costs` (`id`, `excursion_id`, `cost_name`, `cost_price`) VALUES ('38', '38', 'sequi', '91');
INSERT INTO `additional_costs` (`id`, `excursion_id`, `cost_name`, `cost_price`) VALUES ('39', '39', 'non', '7');
INSERT INTO `additional_costs` (`id`, `excursion_id`, `cost_name`, `cost_price`) VALUES ('40', '40', 'fugiat', '977');
INSERT INTO `additional_costs` (`id`, `excursion_id`, `cost_name`, `cost_price`) VALUES ('41', '41', 'unde', '0');
INSERT INTO `additional_costs` (`id`, `excursion_id`, `cost_name`, `cost_price`) VALUES ('42', '42', 'dolorem', '1924969');
INSERT INTO `additional_costs` (`id`, `excursion_id`, `cost_name`, `cost_price`) VALUES ('43', '43', 'mollitia', '3');
INSERT INTO `additional_costs` (`id`, `excursion_id`, `cost_name`, `cost_price`) VALUES ('44', '44', 'beatae', '53');
INSERT INTO `additional_costs` (`id`, `excursion_id`, `cost_name`, `cost_price`) VALUES ('45', '45', 'nulla', '265555667');
INSERT INTO `additional_costs` (`id`, `excursion_id`, `cost_name`, `cost_price`) VALUES ('46', '46', 'rerum', '346745');
INSERT INTO `additional_costs` (`id`, `excursion_id`, `cost_name`, `cost_price`) VALUES ('47', '47', 'suscipit', '86050757');
INSERT INTO `additional_costs` (`id`, `excursion_id`, `cost_name`, `cost_price`) VALUES ('48', '48', 'at', '1');
INSERT INTO `additional_costs` (`id`, `excursion_id`, `cost_name`, `cost_price`) VALUES ('49', '49', 'molestiae', '35924117');
INSERT INTO `additional_costs` (`id`, `excursion_id`, `cost_name`, `cost_price`) VALUES ('50', '50', 'aperiam', '22');
INSERT INTO `additional_costs` (`id`, `excursion_id`, `cost_name`, `cost_price`) VALUES ('51', '51', 'laudantium', '221771130');
INSERT INTO `additional_costs` (`id`, `excursion_id`, `cost_name`, `cost_price`) VALUES ('52', '52', 'deleniti', '55083810');
INSERT INTO `additional_costs` (`id`, `excursion_id`, `cost_name`, `cost_price`) VALUES ('53', '53', 'neque', '4772');
INSERT INTO `additional_costs` (`id`, `excursion_id`, `cost_name`, `cost_price`) VALUES ('54', '54', 'ex', '14');
INSERT INTO `additional_costs` (`id`, `excursion_id`, `cost_name`, `cost_price`) VALUES ('55', '55', 'tempore', '1233632');
INSERT INTO `additional_costs` (`id`, `excursion_id`, `cost_name`, `cost_price`) VALUES ('56', '56', 'sed', '20');
INSERT INTO `additional_costs` (`id`, `excursion_id`, `cost_name`, `cost_price`) VALUES ('57', '57', 'omnis', '185276212');
INSERT INTO `additional_costs` (`id`, `excursion_id`, `cost_name`, `cost_price`) VALUES ('58', '58', 'sunt', '75191206');
INSERT INTO `additional_costs` (`id`, `excursion_id`, `cost_name`, `cost_price`) VALUES ('59', '59', 'laudantium', '59602');
INSERT INTO `additional_costs` (`id`, `excursion_id`, `cost_name`, `cost_price`) VALUES ('60', '60', 'laboriosam', '335');
INSERT INTO `additional_costs` (`id`, `excursion_id`, `cost_name`, `cost_price`) VALUES ('61', '61', 'esse', '198946480');
INSERT INTO `additional_costs` (`id`, `excursion_id`, `cost_name`, `cost_price`) VALUES ('62', '62', 'corrupti', '293008');
INSERT INTO `additional_costs` (`id`, `excursion_id`, `cost_name`, `cost_price`) VALUES ('63', '63', 'ab', '241696177');
INSERT INTO `additional_costs` (`id`, `excursion_id`, `cost_name`, `cost_price`) VALUES ('64', '64', 'totam', '515723298');
INSERT INTO `additional_costs` (`id`, `excursion_id`, `cost_name`, `cost_price`) VALUES ('65', '65', 'inventore', '3556318');
INSERT INTO `additional_costs` (`id`, `excursion_id`, `cost_name`, `cost_price`) VALUES ('66', '66', 'aut', '27569');
INSERT INTO `additional_costs` (`id`, `excursion_id`, `cost_name`, `cost_price`) VALUES ('67', '67', 'exercitationem', '195087');
INSERT INTO `additional_costs` (`id`, `excursion_id`, `cost_name`, `cost_price`) VALUES ('68', '68', 'nesciunt', '654');
INSERT INTO `additional_costs` (`id`, `excursion_id`, `cost_name`, `cost_price`) VALUES ('69', '69', 'quaerat', '188388');
INSERT INTO `additional_costs` (`id`, `excursion_id`, `cost_name`, `cost_price`) VALUES ('70', '70', 'quo', '1');
INSERT INTO `additional_costs` (`id`, `excursion_id`, `cost_name`, `cost_price`) VALUES ('71', '71', 'quo', '88156');
INSERT INTO `additional_costs` (`id`, `excursion_id`, `cost_name`, `cost_price`) VALUES ('72', '72', 'vero', '18305');
INSERT INTO `additional_costs` (`id`, `excursion_id`, `cost_name`, `cost_price`) VALUES ('73', '73', 'accusamus', '32489772');
INSERT INTO `additional_costs` (`id`, `excursion_id`, `cost_name`, `cost_price`) VALUES ('74', '74', 'consequatur', '179');
INSERT INTO `additional_costs` (`id`, `excursion_id`, `cost_name`, `cost_price`) VALUES ('75', '75', 'voluptate', '11');
INSERT INTO `additional_costs` (`id`, `excursion_id`, `cost_name`, `cost_price`) VALUES ('76', '76', 'et', '1646730');
INSERT INTO `additional_costs` (`id`, `excursion_id`, `cost_name`, `cost_price`) VALUES ('77', '77', 'omnis', '29822392');
INSERT INTO `additional_costs` (`id`, `excursion_id`, `cost_name`, `cost_price`) VALUES ('78', '78', 'omnis', '23');
INSERT INTO `additional_costs` (`id`, `excursion_id`, `cost_name`, `cost_price`) VALUES ('79', '79', 'voluptas', '5132522');
INSERT INTO `additional_costs` (`id`, `excursion_id`, `cost_name`, `cost_price`) VALUES ('80', '80', 'totam', '48374040');
INSERT INTO `additional_costs` (`id`, `excursion_id`, `cost_name`, `cost_price`) VALUES ('81', '81', 'est', '184180');
INSERT INTO `additional_costs` (`id`, `excursion_id`, `cost_name`, `cost_price`) VALUES ('82', '82', 'temporibus', '93');
INSERT INTO `additional_costs` (`id`, `excursion_id`, `cost_name`, `cost_price`) VALUES ('83', '83', 'quasi', '62');
INSERT INTO `additional_costs` (`id`, `excursion_id`, `cost_name`, `cost_price`) VALUES ('84', '84', 'repellendus', '20157');
INSERT INTO `additional_costs` (`id`, `excursion_id`, `cost_name`, `cost_price`) VALUES ('85', '85', 'dolores', '35');
INSERT INTO `additional_costs` (`id`, `excursion_id`, `cost_name`, `cost_price`) VALUES ('86', '86', 'veniam', '481565703');
INSERT INTO `additional_costs` (`id`, `excursion_id`, `cost_name`, `cost_price`) VALUES ('87', '87', 'voluptatem', '737101530');
INSERT INTO `additional_costs` (`id`, `excursion_id`, `cost_name`, `cost_price`) VALUES ('88', '88', 'modi', '1342770');
INSERT INTO `additional_costs` (`id`, `excursion_id`, `cost_name`, `cost_price`) VALUES ('89', '89', 'est', '0');
INSERT INTO `additional_costs` (`id`, `excursion_id`, `cost_name`, `cost_price`) VALUES ('90', '90', 'et', '1498837');
INSERT INTO `additional_costs` (`id`, `excursion_id`, `cost_name`, `cost_price`) VALUES ('91', '91', 'error', '1280');
INSERT INTO `additional_costs` (`id`, `excursion_id`, `cost_name`, `cost_price`) VALUES ('92', '92', 'commodi', '0');
INSERT INTO `additional_costs` (`id`, `excursion_id`, `cost_name`, `cost_price`) VALUES ('93', '93', 'dolorem', '136');
INSERT INTO `additional_costs` (`id`, `excursion_id`, `cost_name`, `cost_price`) VALUES ('94', '94', 'iure', '0');
INSERT INTO `additional_costs` (`id`, `excursion_id`, `cost_name`, `cost_price`) VALUES ('95', '95', 'nobis', '12628');
INSERT INTO `additional_costs` (`id`, `excursion_id`, `cost_name`, `cost_price`) VALUES ('96', '96', 'accusamus', '24386886');
INSERT INTO `additional_costs` (`id`, `excursion_id`, `cost_name`, `cost_price`) VALUES ('97', '97', 'maiores', '165925081');
INSERT INTO `additional_costs` (`id`, `excursion_id`, `cost_name`, `cost_price`) VALUES ('98', '98', 'repellendus', '27');
INSERT INTO `additional_costs` (`id`, `excursion_id`, `cost_name`, `cost_price`) VALUES ('99', '99', 'animi', '430');
INSERT INTO `additional_costs` (`id`, `excursion_id`, `cost_name`, `cost_price`) VALUES ('100', '100', 'nobis', '11172533');

INSERT INTO `opinion` (`id`, `create_date`, `tourist_id`, `excursion_id`, `text_opinion`, `rating`) VALUES ('1', '1975-04-03 13:07:00', '1', '1', 'Sed soluta hic fuga natus ut. Quo nemo aut labore. Aliquam id blanditiis quisquam.', '9');
INSERT INTO `opinion` (`id`, `create_date`, `tourist_id`, `excursion_id`, `text_opinion`, `rating`) VALUES ('2', '1997-07-03 08:48:55', '2', '2', 'Et omnis vel minima porro deleniti sed dolor. Rerum qui id nisi nobis aliquid tempora. Distinctio autem et quos aut corporis.', '4');
INSERT INTO `opinion` (`id`, `create_date`, `tourist_id`, `excursion_id`, `text_opinion`, `rating`) VALUES ('3', '1999-02-13 10:17:10', '3', '3', 'Sed aut ut veritatis non in aliquid qui. Modi officia repellat cumque excepturi officiis nihil numquam molestiae. Minus est et ab fugiat libero necessitatibus sunt dolores.', '6');
INSERT INTO `opinion` (`id`, `create_date`, `tourist_id`, `excursion_id`, `text_opinion`, `rating`) VALUES ('4', '1976-05-07 19:33:12', '4', '4', 'Doloremque illo fuga quisquam. Natus eos et quod est cum aut. Laborum quasi explicabo quas unde laudantium. Dolor est reprehenderit recusandae.', '3');
INSERT INTO `opinion` (`id`, `create_date`, `tourist_id`, `excursion_id`, `text_opinion`, `rating`) VALUES ('5', '1972-05-12 15:10:10', '5', '5', 'Dolorum consequuntur sed consectetur maiores quis. Ut autem nihil non eos quae. Qui eum deserunt tempore maxime. Vel vel eius et non.', '9');
INSERT INTO `opinion` (`id`, `create_date`, `tourist_id`, `excursion_id`, `text_opinion`, `rating`) VALUES ('6', '1972-03-23 11:28:58', '6', '6', 'Eum sequi quisquam et voluptatibus praesentium nostrum tempora veniam. Ut laborum eos at voluptatum accusantium. Omnis voluptate et et deleniti alias.', '6');
INSERT INTO `opinion` (`id`, `create_date`, `tourist_id`, `excursion_id`, `text_opinion`, `rating`) VALUES ('7', '1997-08-08 04:47:44', '7', '7', 'Eum dolore qui hic architecto. Ab enim fugit recusandae est aut inventore nemo. Et reprehenderit minus alias itaque dignissimos iste vero. Perspiciatis quia omnis facere laborum in eligendi.', '5');
INSERT INTO `opinion` (`id`, `create_date`, `tourist_id`, `excursion_id`, `text_opinion`, `rating`) VALUES ('8', '2002-12-24 16:51:17', '8', '8', 'Ea doloremque earum cupiditate doloribus. Quisquam mollitia et nulla consequatur. Quod et fugit dolores et.', '2');
INSERT INTO `opinion` (`id`, `create_date`, `tourist_id`, `excursion_id`, `text_opinion`, `rating`) VALUES ('9', '2019-09-30 23:44:12', '9', '9', 'Ea perferendis dignissimos nihil laborum corporis consequuntur. Modi aut commodi eum molestiae et voluptatem. Qui nisi atque nemo molestiae dolores voluptatem voluptatibus.', '3');
INSERT INTO `opinion` (`id`, `create_date`, `tourist_id`, `excursion_id`, `text_opinion`, `rating`) VALUES ('10', '1994-08-07 17:57:49', '10', '10', 'Vitae sit tempore asperiores aut rem. Doloremque consectetur voluptates atque itaque. Minus eum sunt nobis nostrum non velit.', '4');
INSERT INTO `opinion` (`id`, `create_date`, `tourist_id`, `excursion_id`, `text_opinion`, `rating`) VALUES ('11', '1986-10-20 04:53:45', '11', '11', 'Dolor aliquid corporis magnam quidem quod. Ea quis qui blanditiis sit assumenda aliquid. Architecto reiciendis impedit est. Neque perspiciatis temporibus dolore eligendi optio.', '3');
INSERT INTO `opinion` (`id`, `create_date`, `tourist_id`, `excursion_id`, `text_opinion`, `rating`) VALUES ('12', '1973-04-24 21:26:28', '12', '12', 'Hic est consequatur molestias est in. Deserunt minus aliquam accusamus nulla maxime. Culpa voluptatem repellendus qui ipsa.', '5');
INSERT INTO `opinion` (`id`, `create_date`, `tourist_id`, `excursion_id`, `text_opinion`, `rating`) VALUES ('13', '2016-02-08 12:53:11', '13', '13', 'Minima minus consectetur et ut reiciendis aut. Rerum nam magnam quaerat facere. Velit consequatur aspernatur soluta inventore. Natus et quasi molestias.', '7');
INSERT INTO `opinion` (`id`, `create_date`, `tourist_id`, `excursion_id`, `text_opinion`, `rating`) VALUES ('14', '1989-09-16 19:24:56', '14', '14', 'Est qui architecto aliquid veritatis. Eaque rerum dolorem tempora ut sapiente minus. Ipsum quia qui adipisci numquam.', '6');
INSERT INTO `opinion` (`id`, `create_date`, `tourist_id`, `excursion_id`, `text_opinion`, `rating`) VALUES ('15', '2019-06-09 07:30:55', '15', '15', 'Recusandae nihil consequatur accusamus quaerat. Deserunt fugit quia quisquam rerum eos officiis. Nihil quos voluptatem perspiciatis quibusdam numquam itaque est.', '5');
INSERT INTO `opinion` (`id`, `create_date`, `tourist_id`, `excursion_id`, `text_opinion`, `rating`) VALUES ('16', '1981-01-17 07:23:39', '16', '16', 'Fuga in similique ut occaecati odio. Architecto ea aut eos recusandae totam adipisci officiis. Perspiciatis et aut maiores quas. Quibusdam porro nemo illo ut aut.', '2');
INSERT INTO `opinion` (`id`, `create_date`, `tourist_id`, `excursion_id`, `text_opinion`, `rating`) VALUES ('17', '1979-01-11 10:40:13', '17', '17', 'Nemo repellendus perspiciatis commodi eum blanditiis aut. Ut iure et laborum sed et ut ea.', '1');
INSERT INTO `opinion` (`id`, `create_date`, `tourist_id`, `excursion_id`, `text_opinion`, `rating`) VALUES ('18', '1978-01-09 23:35:00', '18', '18', 'Aut voluptas voluptas repellendus facilis similique. Perferendis nostrum ullam laboriosam esse in in animi. Aperiam a eos et ex id.', '6');
INSERT INTO `opinion` (`id`, `create_date`, `tourist_id`, `excursion_id`, `text_opinion`, `rating`) VALUES ('19', '2006-11-12 07:38:44', '19', '19', 'Ut et dolor facere natus maxime impedit et. Corrupti autem doloribus enim. Nihil voluptas et repellendus quia.\nIpsam ut vero nihil ab. Sint amet voluptatem ipsa maiores saepe qui.', '5');
INSERT INTO `opinion` (`id`, `create_date`, `tourist_id`, `excursion_id`, `text_opinion`, `rating`) VALUES ('20', '2016-07-06 11:26:32', '20', '20', 'Consectetur ipsum id recusandae. Id sint rerum eveniet eaque minus id. Est ipsum cupiditate voluptatem eligendi quo.', '5');
INSERT INTO `opinion` (`id`, `create_date`, `tourist_id`, `excursion_id`, `text_opinion`, `rating`) VALUES ('21', '1977-03-20 19:07:49', '21', '21', 'Voluptate qui qui dolores consectetur qui sequi expedita. Quas et eos placeat autem. Expedita necessitatibus sed nisi aut dolor quae. Recusandae ut voluptatibus iusto sed rerum quas ab.', '4');
INSERT INTO `opinion` (`id`, `create_date`, `tourist_id`, `excursion_id`, `text_opinion`, `rating`) VALUES ('22', '2017-10-15 17:21:09', '22', '22', 'Consectetur nihil molestias libero nam. Qui ab consequatur quae dolorum est.', '6');
INSERT INTO `opinion` (`id`, `create_date`, `tourist_id`, `excursion_id`, `text_opinion`, `rating`) VALUES ('23', '2011-02-11 02:25:56', '23', '23', 'Corporis est et quis vel nobis maiores. Totam necessitatibus quia occaecati repellat dolor tempore nihil.', '8');
INSERT INTO `opinion` (`id`, `create_date`, `tourist_id`, `excursion_id`, `text_opinion`, `rating`) VALUES ('24', '1976-04-29 20:55:32', '24', '24', 'Non nemo exercitationem alias natus repellendus tenetur deleniti. Quis voluptatibus dolorem repellendus aut ut repellat est et. Est placeat nobis ab non cumque et repellendus et.', '1');
INSERT INTO `opinion` (`id`, `create_date`, `tourist_id`, `excursion_id`, `text_opinion`, `rating`) VALUES ('25', '2017-03-20 12:19:19', '25', '25', 'Velit at et et earum. Ab dolores corrupti ipsum quia. Rerum placeat nobis consequatur et perspiciatis rem.', '1');
INSERT INTO `opinion` (`id`, `create_date`, `tourist_id`, `excursion_id`, `text_opinion`, `rating`) VALUES ('26', '1995-01-28 14:45:25', '26', '26', 'Autem repudiandae eaque aut et. Iste quia necessitatibus aut cum. Consequatur corrupti maiores voluptate ipsum.', '2');
INSERT INTO `opinion` (`id`, `create_date`, `tourist_id`, `excursion_id`, `text_opinion`, `rating`) VALUES ('27', '2007-07-29 22:35:10', '27', '27', 'Aut reiciendis consequatur non repellat libero dicta aut. Est aspernatur laborum veniam architecto. Repellat molestiae alias sunt veritatis ut. Sint maiores illo perferendis accusamus sed.', '6');
INSERT INTO `opinion` (`id`, `create_date`, `tourist_id`, `excursion_id`, `text_opinion`, `rating`) VALUES ('28', '2003-09-04 19:44:52', '28', '28', 'Atque itaque rerum qui numquam. Non voluptas ipsam cumque impedit ex qui doloribus. Culpa totam quaerat impedit veritatis eum consectetur qui.', '9');
INSERT INTO `opinion` (`id`, `create_date`, `tourist_id`, `excursion_id`, `text_opinion`, `rating`) VALUES ('29', '2008-06-08 20:58:08', '29', '29', 'Aut mollitia velit hic amet soluta. Aspernatur vero quidem dolor in nisi qui. Repellat eius est quasi perferendis fugiat quo et. Non quia eveniet accusamus nobis.', '5');
INSERT INTO `opinion` (`id`, `create_date`, `tourist_id`, `excursion_id`, `text_opinion`, `rating`) VALUES ('30', '2019-11-23 11:48:10', '30', '30', 'Consequatur suscipit iusto quia tempore tempora voluptas. Sed harum repellendus et eum aspernatur quam. Iusto ut velit provident maxime molestiae. Sapiente nulla et voluptatem quo porro officiis.', '8');
INSERT INTO `opinion` (`id`, `create_date`, `tourist_id`, `excursion_id`, `text_opinion`, `rating`) VALUES ('31', '1989-10-18 03:27:57', '31', '31', 'Autem iusto labore ex reprehenderit amet numquam molestiae. Quia officiis ut est ut odio et reiciendis. Vero fugiat debitis ex veritatis quam. Suscipit sit voluptate natus est recusandae animi.', '6');
INSERT INTO `opinion` (`id`, `create_date`, `tourist_id`, `excursion_id`, `text_opinion`, `rating`) VALUES ('32', '2020-07-03 11:40:46', '32', '32', 'Rerum tempora dicta iste quasi doloremque sunt omnis. Quibusdam quia voluptatum beatae ab ut reprehenderit. Nihil et ipsa magnam molestiae voluptate. Placeat voluptatem at odio aut quis saepe.', '4');
INSERT INTO `opinion` (`id`, `create_date`, `tourist_id`, `excursion_id`, `text_opinion`, `rating`) VALUES ('33', '1994-09-30 15:16:43', '33', '33', 'Accusamus ut eaque voluptas. Blanditiis et at odio rem qui corporis ducimus. Quia voluptatem quis non dignissimos. Hic est laboriosam voluptatem ab occaecati velit.', '2');
INSERT INTO `opinion` (`id`, `create_date`, `tourist_id`, `excursion_id`, `text_opinion`, `rating`) VALUES ('34', '1985-02-06 05:03:32', '34', '34', 'Aut tempore odio aut hic aut omnis quos. In enim minus magnam enim voluptatem.', '4');
INSERT INTO `opinion` (`id`, `create_date`, `tourist_id`, `excursion_id`, `text_opinion`, `rating`) VALUES ('35', '2004-05-18 18:32:21', '35', '35', 'Placeat numquam impedit quo expedita adipisci. Amet quam labore iusto a. Distinctio in dolor et ducimus dignissimos. Nihil officiis aut velit deserunt quam et.', '4');
INSERT INTO `opinion` (`id`, `create_date`, `tourist_id`, `excursion_id`, `text_opinion`, `rating`) VALUES ('36', '2004-05-04 19:43:09', '36', '36', 'Blanditiis ut aut atque non quia. Ipsa voluptatem quibusdam exercitationem ad corporis. Voluptatibus libero nemo hic magnam.\nAb molestiae dolor iste voluptates. A aliquid et dolor et sed qui.', '8');
INSERT INTO `opinion` (`id`, `create_date`, `tourist_id`, `excursion_id`, `text_opinion`, `rating`) VALUES ('37', '1987-06-12 19:32:59', '37', '37', 'Sequi repudiandae dolor ut dolorem culpa error maxime. Quasi dolore repellendus eos nemo.', '6');
INSERT INTO `opinion` (`id`, `create_date`, `tourist_id`, `excursion_id`, `text_opinion`, `rating`) VALUES ('38', '2017-02-23 23:24:55', '38', '38', 'Excepturi ut aut officiis praesentium delectus maxime. Cumque voluptas voluptate impedit iste repellendus ea recusandae. Harum ullam nulla qui velit nulla. Id odit quam id totam.', '8');
INSERT INTO `opinion` (`id`, `create_date`, `tourist_id`, `excursion_id`, `text_opinion`, `rating`) VALUES ('39', '1998-01-07 10:26:26', '39', '39', 'A totam ipsam distinctio blanditiis error odio. At enim dolorem aut et excepturi mollitia provident. Minus cumque quasi aliquam hic quia sapiente. Cum illo labore ab.', '6');
INSERT INTO `opinion` (`id`, `create_date`, `tourist_id`, `excursion_id`, `text_opinion`, `rating`) VALUES ('40', '1977-04-05 04:49:45', '40', '40', 'Sit voluptas vero omnis sed possimus in molestiae deserunt. Inventore officiis ea amet. Nisi sit commodi sit.', '2');
INSERT INTO `opinion` (`id`, `create_date`, `tourist_id`, `excursion_id`, `text_opinion`, `rating`) VALUES ('41', '2006-07-28 14:51:11', '41', '41', 'Sed minima corporis quae ea. Aut in possimus soluta mollitia voluptatem. Dicta autem rerum harum voluptatem quibusdam vitae.', '5');
INSERT INTO `opinion` (`id`, `create_date`, `tourist_id`, `excursion_id`, `text_opinion`, `rating`) VALUES ('42', '1974-06-20 15:45:58', '42', '42', 'Optio ex ex iste voluptas hic cumque ratione. Aut quia soluta cumque harum. Nobis omnis velit perferendis repellendus nemo. Dolorum ut dicta quia dolorem.', '6');
INSERT INTO `opinion` (`id`, `create_date`, `tourist_id`, `excursion_id`, `text_opinion`, `rating`) VALUES ('43', '1974-11-02 14:13:56', '43', '43', 'Culpa ut aut voluptatem itaque id. Fuga dicta inventore nulla sint voluptatibus maiores ut eum. Quis impedit quod eum officiis fugit et.', '9');
INSERT INTO `opinion` (`id`, `create_date`, `tourist_id`, `excursion_id`, `text_opinion`, `rating`) VALUES ('44', '2003-06-21 02:18:34', '44', '44', 'Recusandae vel facere omnis natus ad quos quo sunt. Optio amet dolorem ad dignissimos saepe. Culpa qui molestiae eum eos non porro sed. Eius dolorum nam porro eius explicabo consequatur.', '4');
INSERT INTO `opinion` (`id`, `create_date`, `tourist_id`, `excursion_id`, `text_opinion`, `rating`) VALUES ('45', '1997-07-30 18:53:36', '45', '45', 'Saepe ut labore enim tempora ipsa odio. Natus aut enim voluptates ut. Praesentium accusamus eum ut et. Et nemo aut omnis qui.', '4');
INSERT INTO `opinion` (`id`, `create_date`, `tourist_id`, `excursion_id`, `text_opinion`, `rating`) VALUES ('46', '1997-08-20 15:28:11', '46', '46', 'Quos aspernatur possimus voluptatem ipsam quam voluptas. Voluptatem natus dicta dignissimos omnis eveniet debitis. Doloremque qui delectus perspiciatis sed et numquam commodi.', '6');
INSERT INTO `opinion` (`id`, `create_date`, `tourist_id`, `excursion_id`, `text_opinion`, `rating`) VALUES ('47', '2007-07-27 17:23:31', '47', '47', 'Doloremque necessitatibus dolorum tenetur aspernatur officia doloremque culpa. Atque occaecati quo officiis aspernatur explicabo est sit. Vel inventore cum et necessitatibus commodi placeat.', '1');
INSERT INTO `opinion` (`id`, `create_date`, `tourist_id`, `excursion_id`, `text_opinion`, `rating`) VALUES ('48', '2003-03-30 00:08:16', '48', '48', 'Eum qui et officia libero voluptas qui. Atque error delectus cum voluptas eos esse error in. Ea autem eius explicabo architecto est assumenda eveniet sint.', '7');
INSERT INTO `opinion` (`id`, `create_date`, `tourist_id`, `excursion_id`, `text_opinion`, `rating`) VALUES ('49', '2000-07-28 12:38:45', '49', '49', 'Consectetur qui exercitationem laudantium necessitatibus eos et. Voluptas animi et nam eligendi voluptates aut dolores eum. Eius aspernatur non dolore optio recusandae illo.', '5');
INSERT INTO `opinion` (`id`, `create_date`, `tourist_id`, `excursion_id`, `text_opinion`, `rating`) VALUES ('50', '1997-09-14 19:30:52', '50', '50', 'Unde eos facere libero ut in tempora. Distinctio itaque suscipit beatae sunt veritatis perferendis amet. Fugiat nulla quaerat illum. Dolores eveniet quia natus non corporis odio iure.', '4');
INSERT INTO `opinion` (`id`, `create_date`, `tourist_id`, `excursion_id`, `text_opinion`, `rating`) VALUES ('51', '2017-07-06 13:40:11', '51', '51', 'Vel sed vel distinctio placeat officia aliquam. Veritatis mollitia dolorum ipsa repellat totam qui esse harum. Rerum quam natus quasi.', '9');
INSERT INTO `opinion` (`id`, `create_date`, `tourist_id`, `excursion_id`, `text_opinion`, `rating`) VALUES ('52', '2013-09-04 11:18:13', '52', '52', 'Inventore quis autem cum est doloribus. Explicabo voluptatem quis consequatur enim temporibus qui. Perspiciatis a saepe eaque exercitationem.', '7');
INSERT INTO `opinion` (`id`, `create_date`, `tourist_id`, `excursion_id`, `text_opinion`, `rating`) VALUES ('53', '1994-07-09 04:35:04', '53', '53', 'Dolor illum nemo similique quod sunt doloremque. Consequatur eaque fugit assumenda voluptatem. Qui molestiae et eaque consectetur. Aperiam commodi quia alias rerum omnis at eius aliquid.', '3');
INSERT INTO `opinion` (`id`, `create_date`, `tourist_id`, `excursion_id`, `text_opinion`, `rating`) VALUES ('54', '2013-08-07 14:48:02', '54', '54', 'Magni odit debitis omnis eum debitis ut. Consectetur vel culpa ea rerum non modi. Est ducimus voluptas rerum saepe placeat numquam ea. Impedit maxime tempore eum excepturi pariatur officiis.', '8');
INSERT INTO `opinion` (`id`, `create_date`, `tourist_id`, `excursion_id`, `text_opinion`, `rating`) VALUES ('55', '2009-11-17 04:30:32', '55', '55', 'Ipsa tempora distinctio possimus voluptatem aut. Deleniti adipisci aut illum omnis. Et iste atque magni cupiditate.', '7');
INSERT INTO `opinion` (`id`, `create_date`, `tourist_id`, `excursion_id`, `text_opinion`, `rating`) VALUES ('56', '1982-07-13 15:34:32', '56', '56', 'Voluptatem eius porro id sapiente soluta aut tempore. Quia sit alias qui est.', '2');
INSERT INTO `opinion` (`id`, `create_date`, `tourist_id`, `excursion_id`, `text_opinion`, `rating`) VALUES ('57', '1984-09-24 03:22:53', '57', '57', 'Ut ad autem assumenda ea voluptatem ullam quo et. In optio quas magnam et sed. Pariatur nesciunt eaque id nulla minus.', '3');
INSERT INTO `opinion` (`id`, `create_date`, `tourist_id`, `excursion_id`, `text_opinion`, `rating`) VALUES ('58', '2014-11-03 17:12:42', '58', '58', 'Voluptatem cumque et explicabo voluptate in veniam. Fugiat qui quo non officia et delectus iusto. Voluptas inventore error modi eos ex qui.', '7');
INSERT INTO `opinion` (`id`, `create_date`, `tourist_id`, `excursion_id`, `text_opinion`, `rating`) VALUES ('59', '1995-12-24 04:10:39', '59', '59', 'Ipsa sint ratione est enim ratione laudantium qui. Voluptas explicabo inventore quia et quas quisquam dolor. Adipisci repellat fuga ut ut aliquam sequi possimus. Temporibus quis non sed soluta quo.', '2');
INSERT INTO `opinion` (`id`, `create_date`, `tourist_id`, `excursion_id`, `text_opinion`, `rating`) VALUES ('60', '2019-06-14 20:36:41', '60', '60', 'Modi maxime non placeat qui est. Eos ut ea ullam recusandae blanditiis. Quis rem accusamus et. Amet perspiciatis aspernatur rerum iure temporibus quibusdam magnam.', '2');
INSERT INTO `opinion` (`id`, `create_date`, `tourist_id`, `excursion_id`, `text_opinion`, `rating`) VALUES ('61', '2018-06-10 21:57:26', '61', '61', 'Quia odit qui autem corporis. Optio cum aut ut qui. Est dignissimos voluptatibus eaque omnis quaerat cumque deleniti.', '3');
INSERT INTO `opinion` (`id`, `create_date`, `tourist_id`, `excursion_id`, `text_opinion`, `rating`) VALUES ('62', '1995-12-01 09:43:03', '62', '62', 'Qui voluptatem suscipit sit animi. Dolores aut distinctio eos sunt culpa tempora qui. Omnis nam autem quaerat laborum natus molestiae.', '2');
INSERT INTO `opinion` (`id`, `create_date`, `tourist_id`, `excursion_id`, `text_opinion`, `rating`) VALUES ('63', '1973-04-30 14:21:29', '63', '63', 'Similique tenetur consequuntur neque a et facere laborum quidem. Totam voluptatem ea animi qui libero molestiae. Nulla et dolorem soluta. Saepe enim in quibusdam ullam.', '8');
INSERT INTO `opinion` (`id`, `create_date`, `tourist_id`, `excursion_id`, `text_opinion`, `rating`) VALUES ('64', '1993-12-04 01:01:24', '64', '64', 'Ut ea est qui autem et minus praesentium. Et sint quia exercitationem aut error. Repellendus et cupiditate voluptatem accusantium.', '4');
INSERT INTO `opinion` (`id`, `create_date`, `tourist_id`, `excursion_id`, `text_opinion`, `rating`) VALUES ('65', '2002-07-20 23:11:50', '65', '65', 'Omnis sed consequatur doloribus vel animi et nulla. Sit culpa ut adipisci nemo. Dolores assumenda sequi dicta quia alias omnis recusandae. Alias officia nihil quibusdam voluptatibus doloremque saepe.', '9');
INSERT INTO `opinion` (`id`, `create_date`, `tourist_id`, `excursion_id`, `text_opinion`, `rating`) VALUES ('66', '1987-11-25 03:55:07', '66', '66', 'Quod perferendis aut ut. Totam consequatur amet rem officia. Illum voluptas quidem libero error. Blanditiis quasi nostrum vitae voluptatem suscipit corporis.', '6');
INSERT INTO `opinion` (`id`, `create_date`, `tourist_id`, `excursion_id`, `text_opinion`, `rating`) VALUES ('67', '1977-07-07 16:55:47', '67', '67', 'Dolores soluta mollitia rerum qui. Et qui deleniti tempore accusamus est non fugit repudiandae. Ut voluptas similique ad ut. Fugiat veritatis nesciunt architecto sed animi.', '5');
INSERT INTO `opinion` (`id`, `create_date`, `tourist_id`, `excursion_id`, `text_opinion`, `rating`) VALUES ('68', '2010-12-07 15:17:30', '68', '68', 'Cumque ut laudantium illum et suscipit sit soluta. Illum consequatur at autem aut quia nihil. Expedita error eum autem odio.', '7');
INSERT INTO `opinion` (`id`, `create_date`, `tourist_id`, `excursion_id`, `text_opinion`, `rating`) VALUES ('69', '1987-08-11 22:00:28', '69', '69', 'Quo sequi ab dolor odio. Pariatur eos voluptas maiores labore sint.\nQui sit qui perspiciatis rerum. Sit voluptatem in voluptas optio. In blanditiis sunt officiis enim doloremque.', '7');
INSERT INTO `opinion` (`id`, `create_date`, `tourist_id`, `excursion_id`, `text_opinion`, `rating`) VALUES ('70', '2016-01-20 02:28:26', '70', '70', 'Sed veniam et dolor facilis. Praesentium temporibus nostrum enim nisi. Qui nobis sed eum iste qui voluptatem reiciendis.', '1');
INSERT INTO `opinion` (`id`, `create_date`, `tourist_id`, `excursion_id`, `text_opinion`, `rating`) VALUES ('71', '1979-01-23 13:39:25', '71', '71', 'Similique ut quasi dolorem rem vero labore eos consectetur. Debitis sunt saepe rerum ea aut. Nisi mollitia tenetur magni. Tempora dolor autem rerum vitae.', '9');
INSERT INTO `opinion` (`id`, `create_date`, `tourist_id`, `excursion_id`, `text_opinion`, `rating`) VALUES ('72', '2004-02-26 08:39:44', '72', '72', 'Quis ea maiores rerum mollitia. Eius exercitationem numquam fugiat consequatur. Voluptas repudiandae nemo eveniet illo atque. Ut dolores ut voluptas ad dolorem ipsa iste.', '1');
INSERT INTO `opinion` (`id`, `create_date`, `tourist_id`, `excursion_id`, `text_opinion`, `rating`) VALUES ('73', '1979-01-21 15:47:45', '73', '73', 'Est est voluptatibus et qui officia. Reiciendis id modi eligendi ea. Sint et quas reprehenderit est et.', '8');
INSERT INTO `opinion` (`id`, `create_date`, `tourist_id`, `excursion_id`, `text_opinion`, `rating`) VALUES ('74', '2016-11-02 08:46:05', '74', '74', 'Possimus cupiditate dolor placeat nam dolor quasi. Veniam sit quasi vitae quibusdam earum magni. Corrupti nisi ut architecto assumenda.', '4');
INSERT INTO `opinion` (`id`, `create_date`, `tourist_id`, `excursion_id`, `text_opinion`, `rating`) VALUES ('75', '1985-01-01 07:39:03', '75', '75', 'Omnis sed tempore qui accusantium velit et nesciunt. Nihil voluptas reprehenderit nihil modi deleniti. Ipsa ab ex non tenetur.', '8');
INSERT INTO `opinion` (`id`, `create_date`, `tourist_id`, `excursion_id`, `text_opinion`, `rating`) VALUES ('76', '1984-08-18 17:20:20', '76', '76', 'Optio et dolores maxime iusto. Pariatur delectus ducimus quam dolorem. Ea qui veritatis et.\nVoluptas dicta ut dicta pariatur. Aut inventore voluptates numquam voluptates enim.', '3');
INSERT INTO `opinion` (`id`, `create_date`, `tourist_id`, `excursion_id`, `text_opinion`, `rating`) VALUES ('77', '1971-04-05 13:28:11', '77', '77', 'Quasi voluptatem sunt et. Dolorem natus beatae placeat rem repudiandae. Omnis distinctio natus suscipit architecto at.', '4');
INSERT INTO `opinion` (`id`, `create_date`, `tourist_id`, `excursion_id`, `text_opinion`, `rating`) VALUES ('78', '2011-07-23 12:01:04', '78', '78', 'Accusantium voluptate ad quae ea dolores fuga non. Qui incidunt enim fuga consequuntur necessitatibus quidem ea. Veniam et maxime incidunt quidem culpa.', '1');
INSERT INTO `opinion` (`id`, `create_date`, `tourist_id`, `excursion_id`, `text_opinion`, `rating`) VALUES ('79', '1986-02-02 00:31:59', '79', '79', 'Ut ullam sint dolorum ea eum aut. Qui vitae alias non. Magni temporibus tenetur dolor et voluptates.', '1');
INSERT INTO `opinion` (`id`, `create_date`, `tourist_id`, `excursion_id`, `text_opinion`, `rating`) VALUES ('80', '2000-05-31 07:35:39', '80', '80', 'Sed et esse aut ut. Rerum mollitia est quia repellat. Consectetur voluptates aut sed nemo facilis sit. Veritatis dicta molestiae qui hic molestias.', '4');
INSERT INTO `opinion` (`id`, `create_date`, `tourist_id`, `excursion_id`, `text_opinion`, `rating`) VALUES ('81', '2016-06-19 22:55:08', '81', '81', 'Quia est dolor earum ut nihil iusto. Qui quas cum quos velit numquam eius.', '4');
INSERT INTO `opinion` (`id`, `create_date`, `tourist_id`, `excursion_id`, `text_opinion`, `rating`) VALUES ('82', '1988-10-13 12:31:06', '82', '82', 'Porro modi deleniti sunt vel eveniet eligendi nihil illum. Totam sequi eaque at aut. Sed libero et reprehenderit iste.', '3');
INSERT INTO `opinion` (`id`, `create_date`, `tourist_id`, `excursion_id`, `text_opinion`, `rating`) VALUES ('83', '2004-06-10 10:13:42', '83', '83', 'Et voluptas eum qui aut natus. Ut ducimus optio quibusdam magnam similique. Aut sint quas reprehenderit qui officia.', '6');
INSERT INTO `opinion` (`id`, `create_date`, `tourist_id`, `excursion_id`, `text_opinion`, `rating`) VALUES ('84', '1983-03-05 02:20:23', '84', '84', 'Provident illo occaecati eaque. Velit atque nisi necessitatibus unde ut corrupti. Qui dicta quis voluptatem beatae esse blanditiis.', '5');
INSERT INTO `opinion` (`id`, `create_date`, `tourist_id`, `excursion_id`, `text_opinion`, `rating`) VALUES ('85', '1979-08-29 12:46:11', '85', '85', 'Et ut enim eos quod iure debitis fuga. Unde non facere ducimus similique dignissimos veritatis consequatur. Quia beatae non incidunt natus in et. Aliquid qui ipsum nulla.', '9');
INSERT INTO `opinion` (`id`, `create_date`, `tourist_id`, `excursion_id`, `text_opinion`, `rating`) VALUES ('86', '2012-05-27 06:08:11', '86', '86', 'Rerum est voluptas mollitia delectus excepturi qui. Numquam temporibus rerum voluptatum ullam. Ipsa ex voluptas molestias sunt.', '3');
INSERT INTO `opinion` (`id`, `create_date`, `tourist_id`, `excursion_id`, `text_opinion`, `rating`) VALUES ('87', '1975-12-27 00:29:10', '87', '87', 'In omnis ut explicabo magni. Qui maxime accusantium perferendis similique. Iste eligendi ut totam aut consectetur nesciunt. Commodi accusamus assumenda quos voluptas impedit tempora.', '9');
INSERT INTO `opinion` (`id`, `create_date`, `tourist_id`, `excursion_id`, `text_opinion`, `rating`) VALUES ('88', '1996-02-24 08:21:39', '88', '88', 'Ipsam alias vitae sed ut. Enim occaecati fugiat illum necessitatibus aut commodi deleniti.', '5');
INSERT INTO `opinion` (`id`, `create_date`, `tourist_id`, `excursion_id`, `text_opinion`, `rating`) VALUES ('89', '1988-06-09 07:35:08', '89', '89', 'Et tempore asperiores nesciunt aut delectus et dolore. Asperiores ut enim minima. Perferendis voluptas et dolor pariatur eligendi quos itaque. Eaque et cumque ut animi.', '5');
INSERT INTO `opinion` (`id`, `create_date`, `tourist_id`, `excursion_id`, `text_opinion`, `rating`) VALUES ('90', '2014-10-19 15:13:21', '90', '90', 'Ex repellendus nesciunt animi. Delectus quas sapiente eligendi dolores qui doloribus. Et omnis dolores sit quia cum consequatur.', '3');
INSERT INTO `opinion` (`id`, `create_date`, `tourist_id`, `excursion_id`, `text_opinion`, `rating`) VALUES ('91', '1982-02-14 11:19:44', '91', '91', 'Perferendis voluptas consequatur qui. Aut pariatur non recusandae maxime est velit similique.\nAutem necessitatibus sed necessitatibus voluptatibus. Praesentium minus doloribus in temporibus quas.', '2');
INSERT INTO `opinion` (`id`, `create_date`, `tourist_id`, `excursion_id`, `text_opinion`, `rating`) VALUES ('92', '1995-10-21 13:20:49', '92', '92', 'Voluptas aut facilis dolores fugiat quas in soluta et. Est praesentium qui voluptatum nulla omnis accusamus voluptate. Et fugit ex veniam.', '7');
INSERT INTO `opinion` (`id`, `create_date`, `tourist_id`, `excursion_id`, `text_opinion`, `rating`) VALUES ('93', '2020-06-12 05:22:14', '93', '93', 'Odio qui quibusdam expedita quibusdam. Unde pariatur unde hic quia nihil qui quaerat. Sed officiis quis nostrum quaerat nulla qui. Consequatur aliquid voluptatem fugit ex.', '2');
INSERT INTO `opinion` (`id`, `create_date`, `tourist_id`, `excursion_id`, `text_opinion`, `rating`) VALUES ('94', '2004-02-26 14:50:21', '94', '94', 'Inventore ut esse labore velit placeat aut. Placeat fugit voluptatem odit vel.', '1');
INSERT INTO `opinion` (`id`, `create_date`, `tourist_id`, `excursion_id`, `text_opinion`, `rating`) VALUES ('95', '2013-08-03 10:46:04', '95', '95', 'Eligendi tempore voluptas laborum iste rerum repellat dolores. Rerum molestias rerum voluptatem. Quidem temporibus qui suscipit eum.', '9');
INSERT INTO `opinion` (`id`, `create_date`, `tourist_id`, `excursion_id`, `text_opinion`, `rating`) VALUES ('96', '2019-01-17 15:37:00', '96', '96', 'Odio facere neque aut suscipit quibusdam est. Molestias odio rerum eum voluptas aut mollitia beatae. Sed quibusdam quod non quasi et adipisci et.', '2');
INSERT INTO `opinion` (`id`, `create_date`, `tourist_id`, `excursion_id`, `text_opinion`, `rating`) VALUES ('97', '1982-02-10 14:40:12', '97', '97', 'Eos sit eum consequatur ut ut modi molestiae. Maiores rerum maxime animi aut alias at. Et eos qui rem consequatur omnis.', '7');
INSERT INTO `opinion` (`id`, `create_date`, `tourist_id`, `excursion_id`, `text_opinion`, `rating`) VALUES ('98', '1976-10-03 14:23:01', '98', '98', 'Aliquam vel tenetur quae consequatur repellendus quia. Molestiae sit placeat vel sequi. Placeat molestias accusantium occaecati assumenda et. Ad quaerat omnis omnis maxime.', '1');
INSERT INTO `opinion` (`id`, `create_date`, `tourist_id`, `excursion_id`, `text_opinion`, `rating`) VALUES ('99', '2012-11-17 10:16:39', '99', '99', 'Quo est est nemo ratione sit distinctio vel. Voluptatem voluptatum quia exercitationem ut dicta aut officia.', '6');
INSERT INTO `opinion` (`id`, `create_date`, `tourist_id`, `excursion_id`, `text_opinion`, `rating`) VALUES ('100', '1971-02-24 09:56:07', '100', '100', 'Vel dolores accusantium consectetur qui nihil doloribus ut sit. Et incidunt aut quis aut et qui voluptatibus. Et qui similique eos ipsum fuga quaerat. Hic illum beatae sit officia aut corporis cum.', '7');

INSERT INTO `reservations` (`id`, `create_date`, `guid_id`, `tourist_id`, `excursion_id`, `status`, `end_reservation`, `life_duration`, `upfront_payment`) VALUES ('1', '1987-10-17 10:26:12', '1', '1', '1', 0, '1987-01-13', '1252', '49');
INSERT INTO `reservations` (`id`, `create_date`, `guid_id`, `tourist_id`, `excursion_id`, `status`, `end_reservation`, `life_duration`, `upfront_payment`) VALUES ('2', '2017-06-01 13:55:40', '2', '2', '2', 1, '1981-11-30', '486373', '35157895');
INSERT INTO `reservations` (`id`, `create_date`, `guid_id`, `tourist_id`, `excursion_id`, `status`, `end_reservation`, `life_duration`, `upfront_payment`) VALUES ('3', '2019-10-01 10:20:31', '3', '3', '3', 1, '1972-02-26', '0', '99737175');
INSERT INTO `reservations` (`id`, `create_date`, `guid_id`, `tourist_id`, `excursion_id`, `status`, `end_reservation`, `life_duration`, `upfront_payment`) VALUES ('4', '1989-02-09 22:20:54', '4', '4', '4', 0, '1971-01-11', '21344', '433436537');
INSERT INTO `reservations` (`id`, `create_date`, `guid_id`, `tourist_id`, `excursion_id`, `status`, `end_reservation`, `life_duration`, `upfront_payment`) VALUES ('5', '2018-03-05 09:32:11', '5', '5', '5', 1, '1986-05-13', '38863642', '22971902');
INSERT INTO `reservations` (`id`, `create_date`, `guid_id`, `tourist_id`, `excursion_id`, `status`, `end_reservation`, `life_duration`, `upfront_payment`) VALUES ('6', '1983-07-12 10:39:58', '6', '6', '6', 1, '2003-04-11', '214078233', '0');
INSERT INTO `reservations` (`id`, `create_date`, `guid_id`, `tourist_id`, `excursion_id`, `status`, `end_reservation`, `life_duration`, `upfront_payment`) VALUES ('7', '1991-03-01 04:33:14', '7', '7', '7', 0, '1987-02-18', '0', '0');
INSERT INTO `reservations` (`id`, `create_date`, `guid_id`, `tourist_id`, `excursion_id`, `status`, `end_reservation`, `life_duration`, `upfront_payment`) VALUES ('8', '1999-08-15 18:16:26', '8', '8', '8', 0, '1997-09-17', '20867851', '0');
INSERT INTO `reservations` (`id`, `create_date`, `guid_id`, `tourist_id`, `excursion_id`, `status`, `end_reservation`, `life_duration`, `upfront_payment`) VALUES ('9', '1985-05-15 12:11:29', '9', '9', '9', 1, '1984-01-27', '47603499', '8');
INSERT INTO `reservations` (`id`, `create_date`, `guid_id`, `tourist_id`, `excursion_id`, `status`, `end_reservation`, `life_duration`, `upfront_payment`) VALUES ('10', '1984-04-29 14:25:53', '10', '10', '10', 1, '2012-04-22', '5', '107125');
INSERT INTO `reservations` (`id`, `create_date`, `guid_id`, `tourist_id`, `excursion_id`, `status`, `end_reservation`, `life_duration`, `upfront_payment`) VALUES ('11', '1983-09-01 01:26:52', '11', '11', '11', 0, '1974-08-12', '46775', '86266786');
INSERT INTO `reservations` (`id`, `create_date`, `guid_id`, `tourist_id`, `excursion_id`, `status`, `end_reservation`, `life_duration`, `upfront_payment`) VALUES ('12', '1988-08-16 18:38:52', '12', '12', '12', 0, '1992-05-22', '84', '188257');
INSERT INTO `reservations` (`id`, `create_date`, `guid_id`, `tourist_id`, `excursion_id`, `status`, `end_reservation`, `life_duration`, `upfront_payment`) VALUES ('13', '2010-04-12 02:51:52', '13', '13', '13', 0, '1977-10-03', '3745', '92957667');
INSERT INTO `reservations` (`id`, `create_date`, `guid_id`, `tourist_id`, `excursion_id`, `status`, `end_reservation`, `life_duration`, `upfront_payment`) VALUES ('14', '1980-05-19 18:37:47', '14', '14', '14', 1, '2017-10-04', '0', '5458');
INSERT INTO `reservations` (`id`, `create_date`, `guid_id`, `tourist_id`, `excursion_id`, `status`, `end_reservation`, `life_duration`, `upfront_payment`) VALUES ('15', '1972-03-04 04:24:13', '15', '15', '15', 0, '1992-04-21', '14411', '0');
INSERT INTO `reservations` (`id`, `create_date`, `guid_id`, `tourist_id`, `excursion_id`, `status`, `end_reservation`, `life_duration`, `upfront_payment`) VALUES ('16', '1976-10-16 16:12:15', '16', '16', '16', 1, '1991-08-11', '15609', '6723');
INSERT INTO `reservations` (`id`, `create_date`, `guid_id`, `tourist_id`, `excursion_id`, `status`, `end_reservation`, `life_duration`, `upfront_payment`) VALUES ('17', '1971-03-20 02:30:45', '17', '17', '17', 1, '1981-08-17', '52073', '28');
INSERT INTO `reservations` (`id`, `create_date`, `guid_id`, `tourist_id`, `excursion_id`, `status`, `end_reservation`, `life_duration`, `upfront_payment`) VALUES ('18', '1981-09-18 17:04:34', '18', '18', '18', 0, '1995-10-18', '28685641', '1390774');
INSERT INTO `reservations` (`id`, `create_date`, `guid_id`, `tourist_id`, `excursion_id`, `status`, `end_reservation`, `life_duration`, `upfront_payment`) VALUES ('19', '2002-07-13 20:52:24', '19', '19', '19', 1, '1976-11-20', '559994', '74260666');
INSERT INTO `reservations` (`id`, `create_date`, `guid_id`, `tourist_id`, `excursion_id`, `status`, `end_reservation`, `life_duration`, `upfront_payment`) VALUES ('20', '1982-03-29 17:14:55', '20', '20', '20', 1, '1997-05-31', '8', '10400');
INSERT INTO `reservations` (`id`, `create_date`, `guid_id`, `tourist_id`, `excursion_id`, `status`, `end_reservation`, `life_duration`, `upfront_payment`) VALUES ('21', '2013-08-14 04:27:16', '21', '21', '21', 0, '1995-06-02', '210', '6765756');
INSERT INTO `reservations` (`id`, `create_date`, `guid_id`, `tourist_id`, `excursion_id`, `status`, `end_reservation`, `life_duration`, `upfront_payment`) VALUES ('22', '1974-01-10 08:32:08', '22', '22', '22', 1, '1971-12-04', '610019', '1');
INSERT INTO `reservations` (`id`, `create_date`, `guid_id`, `tourist_id`, `excursion_id`, `status`, `end_reservation`, `life_duration`, `upfront_payment`) VALUES ('23', '1971-10-06 08:05:00', '23', '23', '23', 1, '1977-06-16', '1', '0');
INSERT INTO `reservations` (`id`, `create_date`, `guid_id`, `tourist_id`, `excursion_id`, `status`, `end_reservation`, `life_duration`, `upfront_payment`) VALUES ('24', '2015-03-02 14:11:28', '24', '24', '24', 1, '1991-12-16', '306834', '1801');
INSERT INTO `reservations` (`id`, `create_date`, `guid_id`, `tourist_id`, `excursion_id`, `status`, `end_reservation`, `life_duration`, `upfront_payment`) VALUES ('25', '2016-08-03 20:20:20', '25', '25', '25', 0, '1972-03-16', '5906', '5352');
INSERT INTO `reservations` (`id`, `create_date`, `guid_id`, `tourist_id`, `excursion_id`, `status`, `end_reservation`, `life_duration`, `upfront_payment`) VALUES ('26', '2011-04-02 13:05:33', '26', '26', '26', 1, '2010-04-15', '6654442', '466');
INSERT INTO `reservations` (`id`, `create_date`, `guid_id`, `tourist_id`, `excursion_id`, `status`, `end_reservation`, `life_duration`, `upfront_payment`) VALUES ('27', '1981-07-31 12:23:06', '27', '27', '27', 0, '2013-03-21', '452', '4459087');
INSERT INTO `reservations` (`id`, `create_date`, `guid_id`, `tourist_id`, `excursion_id`, `status`, `end_reservation`, `life_duration`, `upfront_payment`) VALUES ('28', '2010-01-18 22:48:20', '28', '28', '28', 1, '1996-04-03', '6254097', '2');
INSERT INTO `reservations` (`id`, `create_date`, `guid_id`, `tourist_id`, `excursion_id`, `status`, `end_reservation`, `life_duration`, `upfront_payment`) VALUES ('29', '2018-09-05 21:30:27', '29', '29', '29', 1, '1989-07-08', '336881415', '369945901');
INSERT INTO `reservations` (`id`, `create_date`, `guid_id`, `tourist_id`, `excursion_id`, `status`, `end_reservation`, `life_duration`, `upfront_payment`) VALUES ('30', '1986-07-19 19:53:14', '30', '30', '30', 1, '2002-07-22', '11442', '2');
INSERT INTO `reservations` (`id`, `create_date`, `guid_id`, `tourist_id`, `excursion_id`, `status`, `end_reservation`, `life_duration`, `upfront_payment`) VALUES ('31', '1985-10-18 21:41:35', '31', '31', '31', 1, '1970-03-15', '2785008', '17657');
INSERT INTO `reservations` (`id`, `create_date`, `guid_id`, `tourist_id`, `excursion_id`, `status`, `end_reservation`, `life_duration`, `upfront_payment`) VALUES ('32', '1995-11-26 16:25:58', '32', '32', '32', 1, '2006-01-15', '14917081', '200762234');
INSERT INTO `reservations` (`id`, `create_date`, `guid_id`, `tourist_id`, `excursion_id`, `status`, `end_reservation`, `life_duration`, `upfront_payment`) VALUES ('33', '1975-07-31 06:36:06', '33', '33', '33', 1, '1980-06-17', '26', '139596');
INSERT INTO `reservations` (`id`, `create_date`, `guid_id`, `tourist_id`, `excursion_id`, `status`, `end_reservation`, `life_duration`, `upfront_payment`) VALUES ('34', '2001-12-10 17:08:58', '34', '34', '34', 0, '2014-10-12', '2989', '10387485');
INSERT INTO `reservations` (`id`, `create_date`, `guid_id`, `tourist_id`, `excursion_id`, `status`, `end_reservation`, `life_duration`, `upfront_payment`) VALUES ('35', '2000-04-06 04:28:09', '35', '35', '35', 0, '1984-02-20', '0', '9');
INSERT INTO `reservations` (`id`, `create_date`, `guid_id`, `tourist_id`, `excursion_id`, `status`, `end_reservation`, `life_duration`, `upfront_payment`) VALUES ('36', '1988-11-12 15:21:40', '36', '36', '36', 0, '1970-05-24', '100576', '145638951');
INSERT INTO `reservations` (`id`, `create_date`, `guid_id`, `tourist_id`, `excursion_id`, `status`, `end_reservation`, `life_duration`, `upfront_payment`) VALUES ('37', '2007-06-08 05:20:06', '37', '37', '37', 0, '2014-10-19', '0', '1044210');
INSERT INTO `reservations` (`id`, `create_date`, `guid_id`, `tourist_id`, `excursion_id`, `status`, `end_reservation`, `life_duration`, `upfront_payment`) VALUES ('38', '2016-05-02 18:39:50', '38', '38', '38', 0, '1993-03-14', '8135', '109734551');
INSERT INTO `reservations` (`id`, `create_date`, `guid_id`, `tourist_id`, `excursion_id`, `status`, `end_reservation`, `life_duration`, `upfront_payment`) VALUES ('39', '2017-10-02 08:37:34', '39', '39', '39', 1, '1977-06-23', '437496', '2942378');
INSERT INTO `reservations` (`id`, `create_date`, `guid_id`, `tourist_id`, `excursion_id`, `status`, `end_reservation`, `life_duration`, `upfront_payment`) VALUES ('40', '1985-09-07 05:47:28', '40', '40', '40', 0, '1998-10-23', '11', '1236877');
INSERT INTO `reservations` (`id`, `create_date`, `guid_id`, `tourist_id`, `excursion_id`, `status`, `end_reservation`, `life_duration`, `upfront_payment`) VALUES ('41', '1975-04-11 14:41:52', '41', '41', '41', 1, '1984-07-15', '0', '28620504');
INSERT INTO `reservations` (`id`, `create_date`, `guid_id`, `tourist_id`, `excursion_id`, `status`, `end_reservation`, `life_duration`, `upfront_payment`) VALUES ('42', '1996-01-05 20:18:09', '42', '42', '42', 0, '2003-03-26', '878115', '23');
INSERT INTO `reservations` (`id`, `create_date`, `guid_id`, `tourist_id`, `excursion_id`, `status`, `end_reservation`, `life_duration`, `upfront_payment`) VALUES ('43', '2016-08-03 14:28:19', '43', '43', '43', 0, '1980-08-06', '4469704', '374007607');
INSERT INTO `reservations` (`id`, `create_date`, `guid_id`, `tourist_id`, `excursion_id`, `status`, `end_reservation`, `life_duration`, `upfront_payment`) VALUES ('44', '2001-09-23 07:18:04', '44', '44', '44', 0, '1983-05-11', '0', '49');
INSERT INTO `reservations` (`id`, `create_date`, `guid_id`, `tourist_id`, `excursion_id`, `status`, `end_reservation`, `life_duration`, `upfront_payment`) VALUES ('45', '1979-05-22 06:45:43', '45', '45', '45', 0, '1981-04-06', '8', '3575394');
INSERT INTO `reservations` (`id`, `create_date`, `guid_id`, `tourist_id`, `excursion_id`, `status`, `end_reservation`, `life_duration`, `upfront_payment`) VALUES ('46', '2004-04-28 07:15:27', '46', '46', '46', 0, '2012-07-04', '27', '49437710');
INSERT INTO `reservations` (`id`, `create_date`, `guid_id`, `tourist_id`, `excursion_id`, `status`, `end_reservation`, `life_duration`, `upfront_payment`) VALUES ('47', '2001-08-18 18:38:41', '47', '47', '47', 1, '1976-12-18', '54', '360533');
INSERT INTO `reservations` (`id`, `create_date`, `guid_id`, `tourist_id`, `excursion_id`, `status`, `end_reservation`, `life_duration`, `upfront_payment`) VALUES ('48', '1993-08-05 16:34:26', '48', '48', '48', 1, '2011-06-12', '1', '0');
INSERT INTO `reservations` (`id`, `create_date`, `guid_id`, `tourist_id`, `excursion_id`, `status`, `end_reservation`, `life_duration`, `upfront_payment`) VALUES ('49', '1996-09-13 12:24:20', '49', '49', '49', 0, '1984-05-14', '72', '1695357');
INSERT INTO `reservations` (`id`, `create_date`, `guid_id`, `tourist_id`, `excursion_id`, `status`, `end_reservation`, `life_duration`, `upfront_payment`) VALUES ('50', '2000-07-12 11:22:53', '50', '50', '50', 1, '2015-08-10', '4', '0');
INSERT INTO `reservations` (`id`, `create_date`, `guid_id`, `tourist_id`, `excursion_id`, `status`, `end_reservation`, `life_duration`, `upfront_payment`) VALUES ('51', '1993-11-20 23:30:28', '51', '51', '51', 1, '1988-03-19', '0', '14');
INSERT INTO `reservations` (`id`, `create_date`, `guid_id`, `tourist_id`, `excursion_id`, `status`, `end_reservation`, `life_duration`, `upfront_payment`) VALUES ('52', '2007-05-03 16:44:01', '52', '52', '52', 1, '2015-02-23', '6074', '103906');
INSERT INTO `reservations` (`id`, `create_date`, `guid_id`, `tourist_id`, `excursion_id`, `status`, `end_reservation`, `life_duration`, `upfront_payment`) VALUES ('53', '1985-04-16 11:13:27', '53', '53', '53', 0, '2004-04-04', '189002227', '4665352');
INSERT INTO `reservations` (`id`, `create_date`, `guid_id`, `tourist_id`, `excursion_id`, `status`, `end_reservation`, `life_duration`, `upfront_payment`) VALUES ('54', '1970-12-02 00:15:23', '54', '54', '54', 1, '2010-10-07', '113', '43');
INSERT INTO `reservations` (`id`, `create_date`, `guid_id`, `tourist_id`, `excursion_id`, `status`, `end_reservation`, `life_duration`, `upfront_payment`) VALUES ('55', '1998-05-20 13:20:41', '55', '55', '55', 1, '2011-10-02', '4377', '10663012');
INSERT INTO `reservations` (`id`, `create_date`, `guid_id`, `tourist_id`, `excursion_id`, `status`, `end_reservation`, `life_duration`, `upfront_payment`) VALUES ('56', '1978-08-06 12:14:03', '56', '56', '56', 0, '2005-07-05', '3735', '4382172');
INSERT INTO `reservations` (`id`, `create_date`, `guid_id`, `tourist_id`, `excursion_id`, `status`, `end_reservation`, `life_duration`, `upfront_payment`) VALUES ('57', '2006-03-13 17:41:38', '57', '57', '57', 0, '1999-08-07', '0', '38');
INSERT INTO `reservations` (`id`, `create_date`, `guid_id`, `tourist_id`, `excursion_id`, `status`, `end_reservation`, `life_duration`, `upfront_payment`) VALUES ('58', '1998-04-03 01:50:11', '58', '58', '58', 0, '1992-10-21', '166292317', '1348514');
INSERT INTO `reservations` (`id`, `create_date`, `guid_id`, `tourist_id`, `excursion_id`, `status`, `end_reservation`, `life_duration`, `upfront_payment`) VALUES ('59', '1987-10-08 03:15:03', '59', '59', '59', 1, '2014-08-20', '361021', '3');
INSERT INTO `reservations` (`id`, `create_date`, `guid_id`, `tourist_id`, `excursion_id`, `status`, `end_reservation`, `life_duration`, `upfront_payment`) VALUES ('60', '2000-06-11 23:03:23', '60', '60', '60', 1, '1995-04-15', '500', '195507');
INSERT INTO `reservations` (`id`, `create_date`, `guid_id`, `tourist_id`, `excursion_id`, `status`, `end_reservation`, `life_duration`, `upfront_payment`) VALUES ('61', '2017-05-28 09:21:29', '61', '61', '61', 0, '2014-03-08', '8692', '1592976');
INSERT INTO `reservations` (`id`, `create_date`, `guid_id`, `tourist_id`, `excursion_id`, `status`, `end_reservation`, `life_duration`, `upfront_payment`) VALUES ('62', '2001-11-26 14:44:07', '62', '62', '62', 0, '1977-03-21', '46921999', '43689956');
INSERT INTO `reservations` (`id`, `create_date`, `guid_id`, `tourist_id`, `excursion_id`, `status`, `end_reservation`, `life_duration`, `upfront_payment`) VALUES ('63', '1970-12-03 23:47:11', '63', '63', '63', 1, '1979-10-13', '0', '16');
INSERT INTO `reservations` (`id`, `create_date`, `guid_id`, `tourist_id`, `excursion_id`, `status`, `end_reservation`, `life_duration`, `upfront_payment`) VALUES ('64', '2000-08-04 17:47:44', '64', '64', '64', 0, '2017-09-16', '365', '1');
INSERT INTO `reservations` (`id`, `create_date`, `guid_id`, `tourist_id`, `excursion_id`, `status`, `end_reservation`, `life_duration`, `upfront_payment`) VALUES ('65', '1998-10-31 12:07:32', '65', '65', '65', 0, '1994-10-05', '342544', '235');
INSERT INTO `reservations` (`id`, `create_date`, `guid_id`, `tourist_id`, `excursion_id`, `status`, `end_reservation`, `life_duration`, `upfront_payment`) VALUES ('66', '2005-08-02 21:22:21', '66', '66', '66', 0, '1999-01-04', '238382809', '78');
INSERT INTO `reservations` (`id`, `create_date`, `guid_id`, `tourist_id`, `excursion_id`, `status`, `end_reservation`, `life_duration`, `upfront_payment`) VALUES ('67', '2000-10-22 10:41:07', '67', '67', '67', 0, '1977-10-09', '4467119', '67531');
INSERT INTO `reservations` (`id`, `create_date`, `guid_id`, `tourist_id`, `excursion_id`, `status`, `end_reservation`, `life_duration`, `upfront_payment`) VALUES ('68', '2012-03-16 14:32:42', '68', '68', '68', 1, '1997-10-27', '44', '2881');
INSERT INTO `reservations` (`id`, `create_date`, `guid_id`, `tourist_id`, `excursion_id`, `status`, `end_reservation`, `life_duration`, `upfront_payment`) VALUES ('69', '1989-12-31 20:46:51', '69', '69', '69', 0, '1972-03-30', '28025096', '17727710');
INSERT INTO `reservations` (`id`, `create_date`, `guid_id`, `tourist_id`, `excursion_id`, `status`, `end_reservation`, `life_duration`, `upfront_payment`) VALUES ('70', '1977-08-31 15:17:15', '70', '70', '70', 1, '1999-03-26', '0', '1');
INSERT INTO `reservations` (`id`, `create_date`, `guid_id`, `tourist_id`, `excursion_id`, `status`, `end_reservation`, `life_duration`, `upfront_payment`) VALUES ('71', '2007-08-28 03:15:29', '71', '71', '71', 0, '2016-11-30', '2662', '36');
INSERT INTO `reservations` (`id`, `create_date`, `guid_id`, `tourist_id`, `excursion_id`, `status`, `end_reservation`, `life_duration`, `upfront_payment`) VALUES ('72', '1999-04-06 05:31:12', '72', '72', '72', 1, '1985-01-04', '184', '0');
INSERT INTO `reservations` (`id`, `create_date`, `guid_id`, `tourist_id`, `excursion_id`, `status`, `end_reservation`, `life_duration`, `upfront_payment`) VALUES ('73', '2011-09-21 14:24:36', '73', '73', '73', 1, '2006-05-31', '43844594', '9');
INSERT INTO `reservations` (`id`, `create_date`, `guid_id`, `tourist_id`, `excursion_id`, `status`, `end_reservation`, `life_duration`, `upfront_payment`) VALUES ('74', '1986-08-28 10:21:27', '74', '74', '74', 1, '1985-09-03', '20031094', '194');
INSERT INTO `reservations` (`id`, `create_date`, `guid_id`, `tourist_id`, `excursion_id`, `status`, `end_reservation`, `life_duration`, `upfront_payment`) VALUES ('75', '2002-07-06 23:50:57', '75', '75', '75', 0, '1996-03-07', '3617', '21649');
INSERT INTO `reservations` (`id`, `create_date`, `guid_id`, `tourist_id`, `excursion_id`, `status`, `end_reservation`, `life_duration`, `upfront_payment`) VALUES ('76', '1978-08-02 20:55:11', '76', '76', '76', 0, '1984-06-02', '924', '455970868');
INSERT INTO `reservations` (`id`, `create_date`, `guid_id`, `tourist_id`, `excursion_id`, `status`, `end_reservation`, `life_duration`, `upfront_payment`) VALUES ('77', '2001-10-23 07:20:15', '77', '77', '77', 0, '1977-09-23', '10093142', '870731');
INSERT INTO `reservations` (`id`, `create_date`, `guid_id`, `tourist_id`, `excursion_id`, `status`, `end_reservation`, `life_duration`, `upfront_payment`) VALUES ('78', '2001-06-03 23:51:01', '78', '78', '78', 0, '1989-01-02', '18580', '4528829');
INSERT INTO `reservations` (`id`, `create_date`, `guid_id`, `tourist_id`, `excursion_id`, `status`, `end_reservation`, `life_duration`, `upfront_payment`) VALUES ('79', '1990-08-23 11:22:08', '79', '79', '79', 0, '2019-10-18', '1902921', '143736');
INSERT INTO `reservations` (`id`, `create_date`, `guid_id`, `tourist_id`, `excursion_id`, `status`, `end_reservation`, `life_duration`, `upfront_payment`) VALUES ('80', '1997-08-15 02:59:53', '80', '80', '80', 1, '1981-01-01', '75865', '43469');
INSERT INTO `reservations` (`id`, `create_date`, `guid_id`, `tourist_id`, `excursion_id`, `status`, `end_reservation`, `life_duration`, `upfront_payment`) VALUES ('81', '1986-06-24 01:20:13', '81', '81', '81', 1, '1973-12-18', '4476', '6');
INSERT INTO `reservations` (`id`, `create_date`, `guid_id`, `tourist_id`, `excursion_id`, `status`, `end_reservation`, `life_duration`, `upfront_payment`) VALUES ('82', '2000-06-29 14:15:29', '82', '82', '82', 0, '2004-07-18', '51076278', '0');
INSERT INTO `reservations` (`id`, `create_date`, `guid_id`, `tourist_id`, `excursion_id`, `status`, `end_reservation`, `life_duration`, `upfront_payment`) VALUES ('83', '2015-01-24 22:44:10', '83', '83', '83', 0, '1985-06-28', '25007', '0');
INSERT INTO `reservations` (`id`, `create_date`, `guid_id`, `tourist_id`, `excursion_id`, `status`, `end_reservation`, `life_duration`, `upfront_payment`) VALUES ('84', '1997-11-04 06:06:36', '84', '84', '84', 1, '1975-04-14', '0', '0');
INSERT INTO `reservations` (`id`, `create_date`, `guid_id`, `tourist_id`, `excursion_id`, `status`, `end_reservation`, `life_duration`, `upfront_payment`) VALUES ('85', '1977-03-07 23:13:42', '85', '85', '85', 0, '1986-07-12', '7251', '0');
INSERT INTO `reservations` (`id`, `create_date`, `guid_id`, `tourist_id`, `excursion_id`, `status`, `end_reservation`, `life_duration`, `upfront_payment`) VALUES ('86', '1975-12-20 00:57:05', '86', '86', '86', 0, '1998-01-29', '2', '561219371');
INSERT INTO `reservations` (`id`, `create_date`, `guid_id`, `tourist_id`, `excursion_id`, `status`, `end_reservation`, `life_duration`, `upfront_payment`) VALUES ('87', '1989-10-19 13:12:24', '87', '87', '87', 1, '1972-11-25', '0', '5150');
INSERT INTO `reservations` (`id`, `create_date`, `guid_id`, `tourist_id`, `excursion_id`, `status`, `end_reservation`, `life_duration`, `upfront_payment`) VALUES ('88', '2019-11-05 11:26:47', '88', '88', '88', 0, '2017-07-29', '1922223', '143422');
INSERT INTO `reservations` (`id`, `create_date`, `guid_id`, `tourist_id`, `excursion_id`, `status`, `end_reservation`, `life_duration`, `upfront_payment`) VALUES ('89', '1970-12-22 21:17:20', '89', '89', '89', 1, '2001-02-13', '1', '968');
INSERT INTO `reservations` (`id`, `create_date`, `guid_id`, `tourist_id`, `excursion_id`, `status`, `end_reservation`, `life_duration`, `upfront_payment`) VALUES ('90', '1976-03-26 08:04:52', '90', '90', '90', 0, '1994-01-13', '64298126', '2792');
INSERT INTO `reservations` (`id`, `create_date`, `guid_id`, `tourist_id`, `excursion_id`, `status`, `end_reservation`, `life_duration`, `upfront_payment`) VALUES ('91', '1973-04-13 01:18:58', '91', '91', '91', 0, '1986-11-27', '0', '16923492');
INSERT INTO `reservations` (`id`, `create_date`, `guid_id`, `tourist_id`, `excursion_id`, `status`, `end_reservation`, `life_duration`, `upfront_payment`) VALUES ('92', '1985-06-05 21:26:47', '92', '92', '92', 1, '2004-12-03', '0', '3523458');
INSERT INTO `reservations` (`id`, `create_date`, `guid_id`, `tourist_id`, `excursion_id`, `status`, `end_reservation`, `life_duration`, `upfront_payment`) VALUES ('93', '1992-03-11 19:22:55', '93', '93', '93', 1, '1992-08-07', '3008', '3675');
INSERT INTO `reservations` (`id`, `create_date`, `guid_id`, `tourist_id`, `excursion_id`, `status`, `end_reservation`, `life_duration`, `upfront_payment`) VALUES ('94', '1999-12-05 15:18:46', '94', '94', '94', 0, '1983-10-13', '2831', '5');
INSERT INTO `reservations` (`id`, `create_date`, `guid_id`, `tourist_id`, `excursion_id`, `status`, `end_reservation`, `life_duration`, `upfront_payment`) VALUES ('95', '2015-09-30 04:37:28', '95', '95', '95', 0, '1988-01-03', '574', '4992281');
INSERT INTO `reservations` (`id`, `create_date`, `guid_id`, `tourist_id`, `excursion_id`, `status`, `end_reservation`, `life_duration`, `upfront_payment`) VALUES ('96', '1996-01-13 04:15:57', '96', '96', '96', 1, '1993-09-15', '43', '8');
INSERT INTO `reservations` (`id`, `create_date`, `guid_id`, `tourist_id`, `excursion_id`, `status`, `end_reservation`, `life_duration`, `upfront_payment`) VALUES ('97', '2003-01-29 05:08:33', '97', '97', '97', 0, '1976-03-24', '85415', '170615411');
INSERT INTO `reservations` (`id`, `create_date`, `guid_id`, `tourist_id`, `excursion_id`, `status`, `end_reservation`, `life_duration`, `upfront_payment`) VALUES ('98', '2008-10-30 23:14:36', '98', '98', '98', 0, '1988-06-16', '53402205', '64902');
INSERT INTO `reservations` (`id`, `create_date`, `guid_id`, `tourist_id`, `excursion_id`, `status`, `end_reservation`, `life_duration`, `upfront_payment`) VALUES ('99', '2006-03-01 12:37:31', '99', '99', '99', 1, '1988-10-17', '79550', '171');
INSERT INTO `reservations` (`id`, `create_date`, `guid_id`, `tourist_id`, `excursion_id`, `status`, `end_reservation`, `life_duration`, `upfront_payment`) VALUES ('100', '1974-11-08 20:45:53', '100', '100', '100', 1, '1971-03-02', '710723', '2813');

INSERT INTO `orders` (`id`, `create_date`, `guid_id`, `tourist_id`, `excursion_id`, `reserv_id`, `status`, `orders_price`, `pay_amount`) VALUES ('1', '2004-11-11 22:23:48', '1', '1', '1', '1', 1, '40', '0');
INSERT INTO `orders` (`id`, `create_date`, `guid_id`, `tourist_id`, `excursion_id`, `reserv_id`, `status`, `orders_price`, `pay_amount`) VALUES ('2', '1979-06-22 16:23:46', '2', '2', '2', '2', 0, '46278', '11961941');
INSERT INTO `orders` (`id`, `create_date`, `guid_id`, `tourist_id`, `excursion_id`, `reserv_id`, `status`, `orders_price`, `pay_amount`) VALUES ('3', '2016-12-17 08:28:02', '3', '3', '3', '3', 0, '2', '17161');
INSERT INTO `orders` (`id`, `create_date`, `guid_id`, `tourist_id`, `excursion_id`, `reserv_id`, `status`, `orders_price`, `pay_amount`) VALUES ('4', '2018-04-18 06:33:52', '4', '4', '4', '4', 1, '37260867', '4201');
INSERT INTO `orders` (`id`, `create_date`, `guid_id`, `tourist_id`, `excursion_id`, `reserv_id`, `status`, `orders_price`, `pay_amount`) VALUES ('5', '1975-03-19 20:53:50', '5', '5', '5', '5', 1, '3', '91177080');
INSERT INTO `orders` (`id`, `create_date`, `guid_id`, `tourist_id`, `excursion_id`, `reserv_id`, `status`, `orders_price`, `pay_amount`) VALUES ('6', '2000-10-24 09:29:49', '6', '6', '6', '6', 0, '7987358', '4632801');
INSERT INTO `orders` (`id`, `create_date`, `guid_id`, `tourist_id`, `excursion_id`, `reserv_id`, `status`, `orders_price`, `pay_amount`) VALUES ('7', '1983-12-18 09:26:00', '7', '7', '7', '7', 0, '478670025', '1');
INSERT INTO `orders` (`id`, `create_date`, `guid_id`, `tourist_id`, `excursion_id`, `reserv_id`, `status`, `orders_price`, `pay_amount`) VALUES ('8', '1990-01-05 19:05:18', '8', '8', '8', '8', 1, '0', '37792');
INSERT INTO `orders` (`id`, `create_date`, `guid_id`, `tourist_id`, `excursion_id`, `reserv_id`, `status`, `orders_price`, `pay_amount`) VALUES ('9', '2018-07-30 13:02:52', '9', '9', '9', '9', 0, '3597803', '43589');
INSERT INTO `orders` (`id`, `create_date`, `guid_id`, `tourist_id`, `excursion_id`, `reserv_id`, `status`, `orders_price`, `pay_amount`) VALUES ('10', '1995-01-19 03:19:56', '10', '10', '10', '10', 0, '0', '6592150');
INSERT INTO `orders` (`id`, `create_date`, `guid_id`, `tourist_id`, `excursion_id`, `reserv_id`, `status`, `orders_price`, `pay_amount`) VALUES ('11', '1973-07-10 12:00:52', '11', '11', '11', '11', 1, '1', '59292');
INSERT INTO `orders` (`id`, `create_date`, `guid_id`, `tourist_id`, `excursion_id`, `reserv_id`, `status`, `orders_price`, `pay_amount`) VALUES ('12', '2001-05-26 07:01:28', '12', '12', '12', '12', 1, '2113', '2060');
INSERT INTO `orders` (`id`, `create_date`, `guid_id`, `tourist_id`, `excursion_id`, `reserv_id`, `status`, `orders_price`, `pay_amount`) VALUES ('13', '1978-08-24 19:16:59', '13', '13', '13', '13', 0, '2723033', '6653897');
INSERT INTO `orders` (`id`, `create_date`, `guid_id`, `tourist_id`, `excursion_id`, `reserv_id`, `status`, `orders_price`, `pay_amount`) VALUES ('14', '1998-04-29 04:04:24', '14', '14', '14', '14', 0, '19423557', '175');
INSERT INTO `orders` (`id`, `create_date`, `guid_id`, `tourist_id`, `excursion_id`, `reserv_id`, `status`, `orders_price`, `pay_amount`) VALUES ('15', '1975-12-12 08:29:28', '15', '15', '15', '15', 1, '463', '460140');
INSERT INTO `orders` (`id`, `create_date`, `guid_id`, `tourist_id`, `excursion_id`, `reserv_id`, `status`, `orders_price`, `pay_amount`) VALUES ('16', '2001-07-24 09:36:52', '16', '16', '16', '16', 0, '559486843', '10820748');
INSERT INTO `orders` (`id`, `create_date`, `guid_id`, `tourist_id`, `excursion_id`, `reserv_id`, `status`, `orders_price`, `pay_amount`) VALUES ('17', '2013-05-12 01:30:46', '17', '17', '17', '17', 1, '272694751', '199718598');
INSERT INTO `orders` (`id`, `create_date`, `guid_id`, `tourist_id`, `excursion_id`, `reserv_id`, `status`, `orders_price`, `pay_amount`) VALUES ('18', '1980-11-19 05:52:24', '18', '18', '18', '18', 0, '0', '536274880');
INSERT INTO `orders` (`id`, `create_date`, `guid_id`, `tourist_id`, `excursion_id`, `reserv_id`, `status`, `orders_price`, `pay_amount`) VALUES ('19', '2010-07-30 04:43:03', '19', '19', '19', '19', 0, '1', '10162174');
INSERT INTO `orders` (`id`, `create_date`, `guid_id`, `tourist_id`, `excursion_id`, `reserv_id`, `status`, `orders_price`, `pay_amount`) VALUES ('20', '1999-03-18 19:09:05', '20', '20', '20', '20', 0, '116', '0');
INSERT INTO `orders` (`id`, `create_date`, `guid_id`, `tourist_id`, `excursion_id`, `reserv_id`, `status`, `orders_price`, `pay_amount`) VALUES ('21', '1977-05-08 19:37:10', '21', '21', '21', '21', 1, '0', '6');
INSERT INTO `orders` (`id`, `create_date`, `guid_id`, `tourist_id`, `excursion_id`, `reserv_id`, `status`, `orders_price`, `pay_amount`) VALUES ('22', '1988-07-14 11:36:43', '22', '22', '22', '22', 1, '92393593', '145078');
INSERT INTO `orders` (`id`, `create_date`, `guid_id`, `tourist_id`, `excursion_id`, `reserv_id`, `status`, `orders_price`, `pay_amount`) VALUES ('23', '2003-05-04 19:04:21', '23', '23', '23', '23', 0, '0', '24719245');
INSERT INTO `orders` (`id`, `create_date`, `guid_id`, `tourist_id`, `excursion_id`, `reserv_id`, `status`, `orders_price`, `pay_amount`) VALUES ('24', '1982-04-13 07:32:16', '24', '24', '24', '24', 1, '46546254', '0');
INSERT INTO `orders` (`id`, `create_date`, `guid_id`, `tourist_id`, `excursion_id`, `reserv_id`, `status`, `orders_price`, `pay_amount`) VALUES ('25', '1972-03-25 04:20:24', '25', '25', '25', '25', 0, '120946', '0');
INSERT INTO `orders` (`id`, `create_date`, `guid_id`, `tourist_id`, `excursion_id`, `reserv_id`, `status`, `orders_price`, `pay_amount`) VALUES ('26', '2005-03-03 23:02:09', '26', '26', '26', '26', 1, '1076086', '0');
INSERT INTO `orders` (`id`, `create_date`, `guid_id`, `tourist_id`, `excursion_id`, `reserv_id`, `status`, `orders_price`, `pay_amount`) VALUES ('27', '1975-03-25 22:16:42', '27', '27', '27', '27', 1, '4773842', '31381');
INSERT INTO `orders` (`id`, `create_date`, `guid_id`, `tourist_id`, `excursion_id`, `reserv_id`, `status`, `orders_price`, `pay_amount`) VALUES ('28', '2010-03-06 05:01:40', '28', '28', '28', '28', 0, '3', '3344');
INSERT INTO `orders` (`id`, `create_date`, `guid_id`, `tourist_id`, `excursion_id`, `reserv_id`, `status`, `orders_price`, `pay_amount`) VALUES ('29', '2003-03-15 11:15:22', '29', '29', '29', '29', 1, '152412791', '2');
INSERT INTO `orders` (`id`, `create_date`, `guid_id`, `tourist_id`, `excursion_id`, `reserv_id`, `status`, `orders_price`, `pay_amount`) VALUES ('30', '1986-02-17 04:24:55', '30', '30', '30', '30', 0, '51874', '2332421');
INSERT INTO `orders` (`id`, `create_date`, `guid_id`, `tourist_id`, `excursion_id`, `reserv_id`, `status`, `orders_price`, `pay_amount`) VALUES ('31', '1973-12-31 16:33:37', '31', '31', '31', '31', 0, '6', '962');
INSERT INTO `orders` (`id`, `create_date`, `guid_id`, `tourist_id`, `excursion_id`, `reserv_id`, `status`, `orders_price`, `pay_amount`) VALUES ('32', '1981-11-09 16:53:33', '32', '32', '32', '32', 0, '0', '616753');
INSERT INTO `orders` (`id`, `create_date`, `guid_id`, `tourist_id`, `excursion_id`, `reserv_id`, `status`, `orders_price`, `pay_amount`) VALUES ('33', '1981-04-17 00:02:40', '33', '33', '33', '33', 0, '1', '1');
INSERT INTO `orders` (`id`, `create_date`, `guid_id`, `tourist_id`, `excursion_id`, `reserv_id`, `status`, `orders_price`, `pay_amount`) VALUES ('34', '1987-11-16 23:50:08', '34', '34', '34', '34', 0, '39194', '29');
INSERT INTO `orders` (`id`, `create_date`, `guid_id`, `tourist_id`, `excursion_id`, `reserv_id`, `status`, `orders_price`, `pay_amount`) VALUES ('35', '2010-07-05 22:49:08', '35', '35', '35', '35', 0, '0', '11509');
INSERT INTO `orders` (`id`, `create_date`, `guid_id`, `tourist_id`, `excursion_id`, `reserv_id`, `status`, `orders_price`, `pay_amount`) VALUES ('36', '1991-08-19 00:51:40', '36', '36', '36', '36', 1, '0', '3924');
INSERT INTO `orders` (`id`, `create_date`, `guid_id`, `tourist_id`, `excursion_id`, `reserv_id`, `status`, `orders_price`, `pay_amount`) VALUES ('37', '1991-04-18 21:00:28', '37', '37', '37', '37', 1, '1013', '6');
INSERT INTO `orders` (`id`, `create_date`, `guid_id`, `tourist_id`, `excursion_id`, `reserv_id`, `status`, `orders_price`, `pay_amount`) VALUES ('38', '1977-07-03 22:47:26', '38', '38', '38', '38', 1, '3139138', '39057');
INSERT INTO `orders` (`id`, `create_date`, `guid_id`, `tourist_id`, `excursion_id`, `reserv_id`, `status`, `orders_price`, `pay_amount`) VALUES ('39', '1977-05-01 21:58:09', '39', '39', '39', '39', 1, '50', '47736602');
INSERT INTO `orders` (`id`, `create_date`, `guid_id`, `tourist_id`, `excursion_id`, `reserv_id`, `status`, `orders_price`, `pay_amount`) VALUES ('40', '2000-10-03 12:45:47', '40', '40', '40', '40', 0, '0', '548');
INSERT INTO `orders` (`id`, `create_date`, `guid_id`, `tourist_id`, `excursion_id`, `reserv_id`, `status`, `orders_price`, `pay_amount`) VALUES ('41', '1970-11-20 21:18:45', '41', '41', '41', '41', 0, '17908', '133654739');
INSERT INTO `orders` (`id`, `create_date`, `guid_id`, `tourist_id`, `excursion_id`, `reserv_id`, `status`, `orders_price`, `pay_amount`) VALUES ('42', '1987-02-14 22:25:08', '42', '42', '42', '42', 1, '6333', '1227');
INSERT INTO `orders` (`id`, `create_date`, `guid_id`, `tourist_id`, `excursion_id`, `reserv_id`, `status`, `orders_price`, `pay_amount`) VALUES ('43', '1978-06-21 13:51:59', '43', '43', '43', '43', 0, '30057492', '343790');
INSERT INTO `orders` (`id`, `create_date`, `guid_id`, `tourist_id`, `excursion_id`, `reserv_id`, `status`, `orders_price`, `pay_amount`) VALUES ('44', '1972-03-19 02:37:59', '44', '44', '44', '44', 1, '784', '2');
INSERT INTO `orders` (`id`, `create_date`, `guid_id`, `tourist_id`, `excursion_id`, `reserv_id`, `status`, `orders_price`, `pay_amount`) VALUES ('45', '2017-09-17 13:14:58', '45', '45', '45', '45', 0, '263', '3724');
INSERT INTO `orders` (`id`, `create_date`, `guid_id`, `tourist_id`, `excursion_id`, `reserv_id`, `status`, `orders_price`, `pay_amount`) VALUES ('46', '2010-07-15 11:17:32', '46', '46', '46', '46', 0, '37754779', '9287881');
INSERT INTO `orders` (`id`, `create_date`, `guid_id`, `tourist_id`, `excursion_id`, `reserv_id`, `status`, `orders_price`, `pay_amount`) VALUES ('47', '1992-06-10 14:43:57', '47', '47', '47', '47', 0, '21884', '435665');
INSERT INTO `orders` (`id`, `create_date`, `guid_id`, `tourist_id`, `excursion_id`, `reserv_id`, `status`, `orders_price`, `pay_amount`) VALUES ('48', '2020-04-25 08:13:59', '48', '48', '48', '48', 1, '252603', '17');
INSERT INTO `orders` (`id`, `create_date`, `guid_id`, `tourist_id`, `excursion_id`, `reserv_id`, `status`, `orders_price`, `pay_amount`) VALUES ('49', '1977-03-04 04:26:48', '49', '49', '49', '49', 0, '0', '7519');
INSERT INTO `orders` (`id`, `create_date`, `guid_id`, `tourist_id`, `excursion_id`, `reserv_id`, `status`, `orders_price`, `pay_amount`) VALUES ('50', '2001-03-19 09:17:23', '50', '50', '50', '50', 1, '0', '2311322');
INSERT INTO `orders` (`id`, `create_date`, `guid_id`, `tourist_id`, `excursion_id`, `reserv_id`, `status`, `orders_price`, `pay_amount`) VALUES ('51', '2008-01-19 23:04:43', '51', '51', '51', '51', 1, '3', '272');
INSERT INTO `orders` (`id`, `create_date`, `guid_id`, `tourist_id`, `excursion_id`, `reserv_id`, `status`, `orders_price`, `pay_amount`) VALUES ('52', '1993-12-30 10:15:42', '52', '52', '52', '52', 1, '2', '11398');
INSERT INTO `orders` (`id`, `create_date`, `guid_id`, `tourist_id`, `excursion_id`, `reserv_id`, `status`, `orders_price`, `pay_amount`) VALUES ('53', '1992-07-17 20:26:42', '53', '53', '53', '53', 0, '860', '15');
INSERT INTO `orders` (`id`, `create_date`, `guid_id`, `tourist_id`, `excursion_id`, `reserv_id`, `status`, `orders_price`, `pay_amount`) VALUES ('54', '1981-09-11 14:48:46', '54', '54', '54', '54', 0, '38100048', '285312860');
INSERT INTO `orders` (`id`, `create_date`, `guid_id`, `tourist_id`, `excursion_id`, `reserv_id`, `status`, `orders_price`, `pay_amount`) VALUES ('55', '1974-01-04 11:00:00', '55', '55', '55', '55', 1, '792912680', '90112');
INSERT INTO `orders` (`id`, `create_date`, `guid_id`, `tourist_id`, `excursion_id`, `reserv_id`, `status`, `orders_price`, `pay_amount`) VALUES ('56', '1974-08-16 15:21:20', '56', '56', '56', '56', 0, '713', '4936254');
INSERT INTO `orders` (`id`, `create_date`, `guid_id`, `tourist_id`, `excursion_id`, `reserv_id`, `status`, `orders_price`, `pay_amount`) VALUES ('57', '1978-05-19 04:54:44', '57', '57', '57', '57', 1, '7801', '1');
INSERT INTO `orders` (`id`, `create_date`, `guid_id`, `tourist_id`, `excursion_id`, `reserv_id`, `status`, `orders_price`, `pay_amount`) VALUES ('58', '2015-05-23 04:00:06', '58', '58', '58', '58', 0, '4488', '323');
INSERT INTO `orders` (`id`, `create_date`, `guid_id`, `tourist_id`, `excursion_id`, `reserv_id`, `status`, `orders_price`, `pay_amount`) VALUES ('59', '1972-08-13 23:27:36', '59', '59', '59', '59', 0, '31010079', '1');
INSERT INTO `orders` (`id`, `create_date`, `guid_id`, `tourist_id`, `excursion_id`, `reserv_id`, `status`, `orders_price`, `pay_amount`) VALUES ('60', '2017-09-08 10:51:46', '60', '60', '60', '60', 1, '479888', '7');
INSERT INTO `orders` (`id`, `create_date`, `guid_id`, `tourist_id`, `excursion_id`, `reserv_id`, `status`, `orders_price`, `pay_amount`) VALUES ('61', '1974-06-14 17:11:49', '61', '61', '61', '61', 1, '77846851', '14456');
INSERT INTO `orders` (`id`, `create_date`, `guid_id`, `tourist_id`, `excursion_id`, `reserv_id`, `status`, `orders_price`, `pay_amount`) VALUES ('62', '2000-03-26 18:12:28', '62', '62', '62', '62', 1, '7741', '2732086');
INSERT INTO `orders` (`id`, `create_date`, `guid_id`, `tourist_id`, `excursion_id`, `reserv_id`, `status`, `orders_price`, `pay_amount`) VALUES ('63', '1981-11-21 13:39:34', '63', '63', '63', '63', 1, '7', '801');
INSERT INTO `orders` (`id`, `create_date`, `guid_id`, `tourist_id`, `excursion_id`, `reserv_id`, `status`, `orders_price`, `pay_amount`) VALUES ('64', '2012-09-15 07:35:42', '64', '64', '64', '64', 0, '16', '143351');
INSERT INTO `orders` (`id`, `create_date`, `guid_id`, `tourist_id`, `excursion_id`, `reserv_id`, `status`, `orders_price`, `pay_amount`) VALUES ('65', '1975-12-19 01:34:34', '65', '65', '65', '65', 0, '0', '310560126');
INSERT INTO `orders` (`id`, `create_date`, `guid_id`, `tourist_id`, `excursion_id`, `reserv_id`, `status`, `orders_price`, `pay_amount`) VALUES ('66', '1986-03-03 07:18:37', '66', '66', '66', '66', 0, '27', '20');
INSERT INTO `orders` (`id`, `create_date`, `guid_id`, `tourist_id`, `excursion_id`, `reserv_id`, `status`, `orders_price`, `pay_amount`) VALUES ('67', '1986-10-05 03:34:53', '67', '67', '67', '67', 0, '210', '12723094');
INSERT INTO `orders` (`id`, `create_date`, `guid_id`, `tourist_id`, `excursion_id`, `reserv_id`, `status`, `orders_price`, `pay_amount`) VALUES ('68', '2014-10-04 03:58:42', '68', '68', '68', '68', 0, '6', '39396181');
INSERT INTO `orders` (`id`, `create_date`, `guid_id`, `tourist_id`, `excursion_id`, `reserv_id`, `status`, `orders_price`, `pay_amount`) VALUES ('69', '1971-03-26 00:32:29', '69', '69', '69', '69', 1, '432990448', '0');
INSERT INTO `orders` (`id`, `create_date`, `guid_id`, `tourist_id`, `excursion_id`, `reserv_id`, `status`, `orders_price`, `pay_amount`) VALUES ('70', '2012-07-05 19:48:57', '70', '70', '70', '70', 1, '0', '5705780');
INSERT INTO `orders` (`id`, `create_date`, `guid_id`, `tourist_id`, `excursion_id`, `reserv_id`, `status`, `orders_price`, `pay_amount`) VALUES ('71', '2013-07-09 20:53:57', '71', '71', '71', '71', 1, '113554', '0');
INSERT INTO `orders` (`id`, `create_date`, `guid_id`, `tourist_id`, `excursion_id`, `reserv_id`, `status`, `orders_price`, `pay_amount`) VALUES ('72', '2017-12-26 06:35:55', '72', '72', '72', '72', 1, '82', '3686054');
INSERT INTO `orders` (`id`, `create_date`, `guid_id`, `tourist_id`, `excursion_id`, `reserv_id`, `status`, `orders_price`, `pay_amount`) VALUES ('73', '1999-01-10 18:13:58', '73', '73', '73', '73', 1, '3197030', '24889');
INSERT INTO `orders` (`id`, `create_date`, `guid_id`, `tourist_id`, `excursion_id`, `reserv_id`, `status`, `orders_price`, `pay_amount`) VALUES ('74', '1997-02-18 15:53:22', '74', '74', '74', '74', 0, '249', '484447469');
INSERT INTO `orders` (`id`, `create_date`, `guid_id`, `tourist_id`, `excursion_id`, `reserv_id`, `status`, `orders_price`, `pay_amount`) VALUES ('75', '2007-08-26 15:32:15', '75', '75', '75', '75', 1, '33445', '26003');
INSERT INTO `orders` (`id`, `create_date`, `guid_id`, `tourist_id`, `excursion_id`, `reserv_id`, `status`, `orders_price`, `pay_amount`) VALUES ('76', '2016-03-01 23:02:19', '76', '76', '76', '76', 0, '0', '938');
INSERT INTO `orders` (`id`, `create_date`, `guid_id`, `tourist_id`, `excursion_id`, `reserv_id`, `status`, `orders_price`, `pay_amount`) VALUES ('77', '1986-10-06 01:53:48', '77', '77', '77', '77', 0, '3324450', '674');
INSERT INTO `orders` (`id`, `create_date`, `guid_id`, `tourist_id`, `excursion_id`, `reserv_id`, `status`, `orders_price`, `pay_amount`) VALUES ('78', '1988-12-09 23:29:35', '78', '78', '78', '78', 1, '50795', '0');
INSERT INTO `orders` (`id`, `create_date`, `guid_id`, `tourist_id`, `excursion_id`, `reserv_id`, `status`, `orders_price`, `pay_amount`) VALUES ('79', '1979-11-10 10:52:23', '79', '79', '79', '79', 1, '49', '21630');
INSERT INTO `orders` (`id`, `create_date`, `guid_id`, `tourist_id`, `excursion_id`, `reserv_id`, `status`, `orders_price`, `pay_amount`) VALUES ('80', '2010-07-16 16:03:43', '80', '80', '80', '80', 1, '534051653', '506');
INSERT INTO `orders` (`id`, `create_date`, `guid_id`, `tourist_id`, `excursion_id`, `reserv_id`, `status`, `orders_price`, `pay_amount`) VALUES ('81', '1977-02-04 18:54:02', '81', '81', '81', '81', 0, '0', '54342385');
INSERT INTO `orders` (`id`, `create_date`, `guid_id`, `tourist_id`, `excursion_id`, `reserv_id`, `status`, `orders_price`, `pay_amount`) VALUES ('82', '1994-05-11 13:41:10', '82', '82', '82', '82', 0, '4719', '11');
INSERT INTO `orders` (`id`, `create_date`, `guid_id`, `tourist_id`, `excursion_id`, `reserv_id`, `status`, `orders_price`, `pay_amount`) VALUES ('83', '1991-02-27 15:07:50', '83', '83', '83', '83', 1, '42', '0');
INSERT INTO `orders` (`id`, `create_date`, `guid_id`, `tourist_id`, `excursion_id`, `reserv_id`, `status`, `orders_price`, `pay_amount`) VALUES ('84', '2001-03-22 15:49:33', '84', '84', '84', '84', 1, '397672813', '6');
INSERT INTO `orders` (`id`, `create_date`, `guid_id`, `tourist_id`, `excursion_id`, `reserv_id`, `status`, `orders_price`, `pay_amount`) VALUES ('85', '1995-12-09 02:05:12', '85', '85', '85', '85', 1, '45534', '542592476');
INSERT INTO `orders` (`id`, `create_date`, `guid_id`, `tourist_id`, `excursion_id`, `reserv_id`, `status`, `orders_price`, `pay_amount`) VALUES ('86', '2014-07-11 21:00:37', '86', '86', '86', '86', 0, '8975028', '3910');
INSERT INTO `orders` (`id`, `create_date`, `guid_id`, `tourist_id`, `excursion_id`, `reserv_id`, `status`, `orders_price`, `pay_amount`) VALUES ('87', '1971-10-24 15:58:57', '87', '87', '87', '87', 1, '0', '450');
INSERT INTO `orders` (`id`, `create_date`, `guid_id`, `tourist_id`, `excursion_id`, `reserv_id`, `status`, `orders_price`, `pay_amount`) VALUES ('88', '2000-09-27 19:49:02', '88', '88', '88', '88', 0, '13541', '3760169');
INSERT INTO `orders` (`id`, `create_date`, `guid_id`, `tourist_id`, `excursion_id`, `reserv_id`, `status`, `orders_price`, `pay_amount`) VALUES ('89', '1991-12-16 11:08:53', '89', '89', '89', '89', 0, '237784', '55');
INSERT INTO `orders` (`id`, `create_date`, `guid_id`, `tourist_id`, `excursion_id`, `reserv_id`, `status`, `orders_price`, `pay_amount`) VALUES ('90', '1994-07-22 13:45:14', '90', '90', '90', '90', 1, '1356305', '387647');
INSERT INTO `orders` (`id`, `create_date`, `guid_id`, `tourist_id`, `excursion_id`, `reserv_id`, `status`, `orders_price`, `pay_amount`) VALUES ('91', '2013-03-09 02:32:36', '91', '91', '91', '91', 0, '0', '10220073');
INSERT INTO `orders` (`id`, `create_date`, `guid_id`, `tourist_id`, `excursion_id`, `reserv_id`, `status`, `orders_price`, `pay_amount`) VALUES ('92', '1988-10-12 16:49:31', '92', '92', '92', '92', 0, '226', '50450648');
INSERT INTO `orders` (`id`, `create_date`, `guid_id`, `tourist_id`, `excursion_id`, `reserv_id`, `status`, `orders_price`, `pay_amount`) VALUES ('93', '2002-02-17 12:20:19', '93', '93', '93', '93', 1, '5', '0');
INSERT INTO `orders` (`id`, `create_date`, `guid_id`, `tourist_id`, `excursion_id`, `reserv_id`, `status`, `orders_price`, `pay_amount`) VALUES ('94', '2009-01-15 16:42:31', '94', '94', '94', '94', 1, '103', '0');
INSERT INTO `orders` (`id`, `create_date`, `guid_id`, `tourist_id`, `excursion_id`, `reserv_id`, `status`, `orders_price`, `pay_amount`) VALUES ('95', '2000-04-27 05:46:42', '95', '95', '95', '95', 1, '5', '65443');
INSERT INTO `orders` (`id`, `create_date`, `guid_id`, `tourist_id`, `excursion_id`, `reserv_id`, `status`, `orders_price`, `pay_amount`) VALUES ('96', '1993-04-24 04:11:53', '96', '96', '96', '96', 1, '2', '14181');
INSERT INTO `orders` (`id`, `create_date`, `guid_id`, `tourist_id`, `excursion_id`, `reserv_id`, `status`, `orders_price`, `pay_amount`) VALUES ('97', '2018-11-02 21:08:59', '97', '97', '97', '97', 0, '0', '3');
INSERT INTO `orders` (`id`, `create_date`, `guid_id`, `tourist_id`, `excursion_id`, `reserv_id`, `status`, `orders_price`, `pay_amount`) VALUES ('98', '1986-08-24 01:08:34', '98', '98', '98', '98', 1, '65712928', '6');
INSERT INTO `orders` (`id`, `create_date`, `guid_id`, `tourist_id`, `excursion_id`, `reserv_id`, `status`, `orders_price`, `pay_amount`) VALUES ('99', '1986-01-13 12:06:58', '99', '99', '99', '99', 1, '172612', '210820');
INSERT INTO `orders` (`id`, `create_date`, `guid_id`, `tourist_id`, `excursion_id`, `reserv_id`, `status`, `orders_price`, `pay_amount`) VALUES ('100', '2017-07-03 10:57:42', '100', '100', '100', '100', 1, '1129', '4455110');

INSERT INTO `scedule` (`scedule_date`, `excursion_id`, `free_place`) VALUES ('2011-10-18', '1', '9');
INSERT INTO `scedule` (`scedule_date`, `excursion_id`, `free_place`) VALUES ('2014-09-03', '2', '5');
INSERT INTO `scedule` (`scedule_date`, `excursion_id`, `free_place`) VALUES ('2012-07-31', '3', '2');
INSERT INTO `scedule` (`scedule_date`, `excursion_id`, `free_place`) VALUES ('1997-11-10', '4', '5');
INSERT INTO `scedule` (`scedule_date`, `excursion_id`, `free_place`) VALUES ('1973-09-10', '5', '0');
INSERT INTO `scedule` (`scedule_date`, `excursion_id`, `free_place`) VALUES ('2000-04-06', '6', '5');
INSERT INTO `scedule` (`scedule_date`, `excursion_id`, `free_place`) VALUES ('2011-09-14', '7', '0');
INSERT INTO `scedule` (`scedule_date`, `excursion_id`, `free_place`) VALUES ('1996-03-31', '8', '2');
INSERT INTO `scedule` (`scedule_date`, `excursion_id`, `free_place`) VALUES ('2019-02-24', '9', '9');
INSERT INTO `scedule` (`scedule_date`, `excursion_id`, `free_place`) VALUES ('1985-07-11', '10', '3');
INSERT INTO `scedule` (`scedule_date`, `excursion_id`, `free_place`) VALUES ('2001-03-29', '11', '3');
INSERT INTO `scedule` (`scedule_date`, `excursion_id`, `free_place`) VALUES ('2011-12-09', '12', '5');
INSERT INTO `scedule` (`scedule_date`, `excursion_id`, `free_place`) VALUES ('1985-11-10', '13', '6');
INSERT INTO `scedule` (`scedule_date`, `excursion_id`, `free_place`) VALUES ('1975-07-01', '14', '5');
INSERT INTO `scedule` (`scedule_date`, `excursion_id`, `free_place`) VALUES ('1971-04-23', '15', '0');
INSERT INTO `scedule` (`scedule_date`, `excursion_id`, `free_place`) VALUES ('1991-12-23', '16', '5');
INSERT INTO `scedule` (`scedule_date`, `excursion_id`, `free_place`) VALUES ('1987-12-23', '17', '6');
INSERT INTO `scedule` (`scedule_date`, `excursion_id`, `free_place`) VALUES ('1981-10-13', '18', '9');
INSERT INTO `scedule` (`scedule_date`, `excursion_id`, `free_place`) VALUES ('2020-04-06', '19', '3');
INSERT INTO `scedule` (`scedule_date`, `excursion_id`, `free_place`) VALUES ('2019-11-20', '20', '2');
INSERT INTO `scedule` (`scedule_date`, `excursion_id`, `free_place`) VALUES ('1989-12-25', '21', '3');
INSERT INTO `scedule` (`scedule_date`, `excursion_id`, `free_place`) VALUES ('2009-01-30', '22', '1');
INSERT INTO `scedule` (`scedule_date`, `excursion_id`, `free_place`) VALUES ('1972-06-10', '23', '3');
INSERT INTO `scedule` (`scedule_date`, `excursion_id`, `free_place`) VALUES ('1974-05-15', '24', '7');
INSERT INTO `scedule` (`scedule_date`, `excursion_id`, `free_place`) VALUES ('1997-01-16', '25', '6');
INSERT INTO `scedule` (`scedule_date`, `excursion_id`, `free_place`) VALUES ('2002-12-18', '26', '2');
INSERT INTO `scedule` (`scedule_date`, `excursion_id`, `free_place`) VALUES ('2007-09-19', '27', '6');
INSERT INTO `scedule` (`scedule_date`, `excursion_id`, `free_place`) VALUES ('1985-06-27', '28', '1');
INSERT INTO `scedule` (`scedule_date`, `excursion_id`, `free_place`) VALUES ('1974-05-20', '29', '9');
INSERT INTO `scedule` (`scedule_date`, `excursion_id`, `free_place`) VALUES ('2004-11-01', '30', '1');
INSERT INTO `scedule` (`scedule_date`, `excursion_id`, `free_place`) VALUES ('2012-03-10', '31', '5');
INSERT INTO `scedule` (`scedule_date`, `excursion_id`, `free_place`) VALUES ('2012-02-14', '32', '2');
INSERT INTO `scedule` (`scedule_date`, `excursion_id`, `free_place`) VALUES ('2019-01-27', '33', '1');
INSERT INTO `scedule` (`scedule_date`, `excursion_id`, `free_place`) VALUES ('1973-08-20', '34', '0');
INSERT INTO `scedule` (`scedule_date`, `excursion_id`, `free_place`) VALUES ('1998-05-21', '35', '3');
INSERT INTO `scedule` (`scedule_date`, `excursion_id`, `free_place`) VALUES ('2015-04-13', '36', '9');
INSERT INTO `scedule` (`scedule_date`, `excursion_id`, `free_place`) VALUES ('1974-05-28', '37', '1');
INSERT INTO `scedule` (`scedule_date`, `excursion_id`, `free_place`) VALUES ('1972-09-10', '38', '1');
INSERT INTO `scedule` (`scedule_date`, `excursion_id`, `free_place`) VALUES ('2002-06-16', '39', '7');
INSERT INTO `scedule` (`scedule_date`, `excursion_id`, `free_place`) VALUES ('1989-05-27', '40', '6');
INSERT INTO `scedule` (`scedule_date`, `excursion_id`, `free_place`) VALUES ('1970-09-07', '41', '6');
INSERT INTO `scedule` (`scedule_date`, `excursion_id`, `free_place`) VALUES ('1997-10-01', '42', '3');
INSERT INTO `scedule` (`scedule_date`, `excursion_id`, `free_place`) VALUES ('2020-04-30', '43', '6');
INSERT INTO `scedule` (`scedule_date`, `excursion_id`, `free_place`) VALUES ('1972-08-19', '44', '5');
INSERT INTO `scedule` (`scedule_date`, `excursion_id`, `free_place`) VALUES ('2007-05-29', '45', '2');
INSERT INTO `scedule` (`scedule_date`, `excursion_id`, `free_place`) VALUES ('1972-07-31', '46', '7');
INSERT INTO `scedule` (`scedule_date`, `excursion_id`, `free_place`) VALUES ('2002-10-05', '47', '2');
INSERT INTO `scedule` (`scedule_date`, `excursion_id`, `free_place`) VALUES ('1982-02-26', '48', '3');
INSERT INTO `scedule` (`scedule_date`, `excursion_id`, `free_place`) VALUES ('1989-09-26', '49', '9');
INSERT INTO `scedule` (`scedule_date`, `excursion_id`, `free_place`) VALUES ('1990-03-26', '50', '6');
INSERT INTO `scedule` (`scedule_date`, `excursion_id`, `free_place`) VALUES ('1991-12-13', '51', '6');
INSERT INTO `scedule` (`scedule_date`, `excursion_id`, `free_place`) VALUES ('1982-04-13', '52', '0');
INSERT INTO `scedule` (`scedule_date`, `excursion_id`, `free_place`) VALUES ('1976-02-27', '53', '9');
INSERT INTO `scedule` (`scedule_date`, `excursion_id`, `free_place`) VALUES ('2003-11-26', '54', '6');
INSERT INTO `scedule` (`scedule_date`, `excursion_id`, `free_place`) VALUES ('1998-05-01', '55', '3');
INSERT INTO `scedule` (`scedule_date`, `excursion_id`, `free_place`) VALUES ('1995-03-13', '56', '8');
INSERT INTO `scedule` (`scedule_date`, `excursion_id`, `free_place`) VALUES ('1990-11-14', '57', '8');
INSERT INTO `scedule` (`scedule_date`, `excursion_id`, `free_place`) VALUES ('2016-11-21', '58', '6');
INSERT INTO `scedule` (`scedule_date`, `excursion_id`, `free_place`) VALUES ('1990-06-27', '59', '6');
INSERT INTO `scedule` (`scedule_date`, `excursion_id`, `free_place`) VALUES ('2000-01-26', '60', '8');
INSERT INTO `scedule` (`scedule_date`, `excursion_id`, `free_place`) VALUES ('1981-10-22', '61', '3');
INSERT INTO `scedule` (`scedule_date`, `excursion_id`, `free_place`) VALUES ('2010-02-07', '62', '4');
INSERT INTO `scedule` (`scedule_date`, `excursion_id`, `free_place`) VALUES ('1983-09-22', '63', '1');
INSERT INTO `scedule` (`scedule_date`, `excursion_id`, `free_place`) VALUES ('1987-04-29', '64', '5');
INSERT INTO `scedule` (`scedule_date`, `excursion_id`, `free_place`) VALUES ('1976-02-01', '65', '8');
INSERT INTO `scedule` (`scedule_date`, `excursion_id`, `free_place`) VALUES ('2004-01-14', '66', '1');
INSERT INTO `scedule` (`scedule_date`, `excursion_id`, `free_place`) VALUES ('1975-05-29', '67', '1');
INSERT INTO `scedule` (`scedule_date`, `excursion_id`, `free_place`) VALUES ('1981-09-27', '68', '2');
INSERT INTO `scedule` (`scedule_date`, `excursion_id`, `free_place`) VALUES ('1982-03-10', '69', '2');
INSERT INTO `scedule` (`scedule_date`, `excursion_id`, `free_place`) VALUES ('1998-12-24', '70', '6');
INSERT INTO `scedule` (`scedule_date`, `excursion_id`, `free_place`) VALUES ('1991-03-24', '71', '2');
INSERT INTO `scedule` (`scedule_date`, `excursion_id`, `free_place`) VALUES ('2018-10-21', '72', '3');
INSERT INTO `scedule` (`scedule_date`, `excursion_id`, `free_place`) VALUES ('1997-11-16', '73', '0');
INSERT INTO `scedule` (`scedule_date`, `excursion_id`, `free_place`) VALUES ('2012-03-19', '74', '1');
INSERT INTO `scedule` (`scedule_date`, `excursion_id`, `free_place`) VALUES ('2006-10-27', '75', '6');
INSERT INTO `scedule` (`scedule_date`, `excursion_id`, `free_place`) VALUES ('1971-06-24', '76', '6');
INSERT INTO `scedule` (`scedule_date`, `excursion_id`, `free_place`) VALUES ('2010-10-08', '77', '1');
INSERT INTO `scedule` (`scedule_date`, `excursion_id`, `free_place`) VALUES ('2014-07-16', '78', '2');
INSERT INTO `scedule` (`scedule_date`, `excursion_id`, `free_place`) VALUES ('1988-08-17', '79', '0');
INSERT INTO `scedule` (`scedule_date`, `excursion_id`, `free_place`) VALUES ('1972-06-15', '80', '1');
INSERT INTO `scedule` (`scedule_date`, `excursion_id`, `free_place`) VALUES ('1980-08-04', '81', '3');
INSERT INTO `scedule` (`scedule_date`, `excursion_id`, `free_place`) VALUES ('2004-05-06', '82', '2');
INSERT INTO `scedule` (`scedule_date`, `excursion_id`, `free_place`) VALUES ('2010-02-10', '83', '3');
INSERT INTO `scedule` (`scedule_date`, `excursion_id`, `free_place`) VALUES ('1977-03-01', '84', '8');
INSERT INTO `scedule` (`scedule_date`, `excursion_id`, `free_place`) VALUES ('2003-03-28', '85', '0');
INSERT INTO `scedule` (`scedule_date`, `excursion_id`, `free_place`) VALUES ('1975-01-09', '86', '3');
INSERT INTO `scedule` (`scedule_date`, `excursion_id`, `free_place`) VALUES ('2004-05-02', '87', '0');
INSERT INTO `scedule` (`scedule_date`, `excursion_id`, `free_place`) VALUES ('1987-10-02', '88', '8');
INSERT INTO `scedule` (`scedule_date`, `excursion_id`, `free_place`) VALUES ('1983-07-08', '89', '5');
INSERT INTO `scedule` (`scedule_date`, `excursion_id`, `free_place`) VALUES ('1980-04-12', '90', '0');
INSERT INTO `scedule` (`scedule_date`, `excursion_id`, `free_place`) VALUES ('1979-12-30', '91', '3');
INSERT INTO `scedule` (`scedule_date`, `excursion_id`, `free_place`) VALUES ('1988-02-16', '92', '0');
INSERT INTO `scedule` (`scedule_date`, `excursion_id`, `free_place`) VALUES ('1975-03-04', '93', '1');
INSERT INTO `scedule` (`scedule_date`, `excursion_id`, `free_place`) VALUES ('1984-07-20', '94', '5');
INSERT INTO `scedule` (`scedule_date`, `excursion_id`, `free_place`) VALUES ('1984-02-07', '95', '2');
INSERT INTO `scedule` (`scedule_date`, `excursion_id`, `free_place`) VALUES ('1991-08-27', '96', '2');
INSERT INTO `scedule` (`scedule_date`, `excursion_id`, `free_place`) VALUES ('1990-01-26', '97', '2');
INSERT INTO `scedule` (`scedule_date`, `excursion_id`, `free_place`) VALUES ('2009-04-14', '98', '6');
INSERT INTO `scedule` (`scedule_date`, `excursion_id`, `free_place`) VALUES ('1979-07-24', '99', '4');
INSERT INTO `scedule` (`scedule_date`, `excursion_id`, `free_place`) VALUES ('1998-05-27', '100', '0');


-- ЗАПРОСЫ ГРУППИРОВКИ
-- Все города, в которых доступны гиды
SELECT city FROM guids g GROUP BY city;

-- Все отзывы к экскурсии
SELECT text_opinion FROM opinion o WHERE excursion_id = 3;

-- ЗАПРОСЫ С ВЛОЖЕННЫМИ ТАБЛИЦАМИ
-- Все экскурсии гида
SELECT name, (SELECT first_name FROM guids g where id=guid_id) FROM excursion e WHERE guid_id=55;

-- Все эскурсии на дату
SELECT scedule_date, (SELECT name FROM excursion e WHERE e.id = s.excursion_id) FROM scedule s WHERE s.scedule_date = '2011-10-18';


-- ЗАПРОСЫ С Join
-- Дополнительный затраты на экскурсию
SELECT e.name `excursion_name`, ac.cost_name `cost_name`, ac.cost_price `cost price` FROM excursion e
JOIN additional_costs ac 
on e.id = ac.excursion_id;

-- Количество заказов по туристам
SELECT t.first_name `f_name`, COUNT(o.id) `or_c`
FROM tourists t
JOIN orders o
on t.id = o.tourist_id
GROUP BY t.first_name ORDER BY `or_c` DESC;

-- ПРЕДСТАВЛЕНИЕ
-- Календарь экскурсий на ближайшие дни и свободные места
CREATE VIEW scedule_7 AS SELECT s.scedule_date, e.name, s.free_place FROM scedule s 
JOIN excursion e
on s.excursion_id = e.id 
ORDER BY scedule_date DESC LIMIT 7;

SELECT * FROM scedule_7;

-- Список гидов сортированный по рейтингу экскурсий

SELECT CONCAT(first_name, ' ', second_name) `g_mame`, AVG(o.rating) `g_ratio` FROM guids g
JOIN excursion e 
on g.id = e.guid_id 
JOIN opinion o 
on o.excursion_id = e.id  GROUP BY `g_mame` ORDER BY `g_ratio` DESC;


-- ПРОЦЕДУРЫ
-- Сколько экскурсий у гида
DROP PROCEDURE IF EXISTS guid_load;
CREATE PROCEDURE guid_load(IN value VARCHAR(10))
begin 
	SELECT COUNT(*) FROM excursion e
	JOIN guids g 
	on e.guid_id = g.id
	WHERE g.first_name = value;
end;

CALL guid_load('Cullen');

-- Получение свободные экскурсий и мест в городе
DROP PROCEDURE IF EXISTS get_ex_on_city;
CREATE PROCEDURE get_ex_on_city (IN v_city VARCHAR(10))
begin 
	SELECT e.name, s.free_place  FROM excursion e
	JOIN scedule s 
	on e.id = s.excursion_id
	WHERE e.city = v_city;
end;

CALL get_ex_on_city('Kirkport');

SHOW PROCEDURE STATUS;


-- ТРИГЕРЫ
-- Нельзя вставить скидку больше чем 70% в таблицу экскурсий
DROP TRIGGER IF EXISTS check_sale;
CREATE TRIGGER check_sale BEFORE INSERT ON excursion FOR EACH ROW
BEGIN
	IF new.sale_amount >= 0.7 THEN 
	SIGNAL SQLSTATE '45000' SET MESSAGE_TEXT = 'Сидка не может быть больше 70%';
	END IF;
END;

SHOW TRIGGERS;

INSERT `excursion` (`id`, `create_date`, `name`, `country`, `city`, `guid_id`, `poto_id`, `video_id`, `text_about`, `duration_min`, `type_going`, `pepeople_count`, `type_individual`, `price_for_one_people`, `sale_amount`, `price_with_sale`, `price_date_start`, `price_date_finish`) 
VALUES ('101', '2017-07-04 00:14:05', 'Quia odit voluptas vitae excepturi sunt officiis autem. Est architecto dolores dolor et. Perferendis sit et qui cumque excepturi.', 'Iraq', 'Romanside', '100', '100', '100', 'Eos hic sed et asperiores. Nostrum sint non sequi hic voluptas incidunt molestiae excepturi. Laudantium cupiditate id sed omnis deserunt.', '145787', 'et', '69330', 'id', '45', '13198200', '8', '1996-05-25', '2017-09-03');



-- Подсчет количества гидов, туристов и экскурсий после каждой вставки
DROP TRIGGER IF EXISTS update_total_ex; 
CREATE TRIGGER update_total_ex AFTER INSERT ON excursion FOR EACH ROW
BEGIN
	SELECT COUNT(*) INTO @total_excursion FROM excursion e;
END;

DROP TRIGGER IF EXISTS update_total_gd; 
CREATE TRIGGER update_total_gd AFTER INSERT ON guids FOR EACH ROW
BEGIN
	SELECT COUNT(*) INTO @total_guid FROM guids g;
END;

DROP TRIGGER IF EXISTS update_total_tr; 
CREATE TRIGGER update_total_tr AFTER INSERT ON tourists FOR EACH ROW
BEGIN
	SELECT COUNT(*) INTO @total_tourist FROM tourists t ;
END;


SHOW TRIGGERS;

SELECT @total_tourist;
SELECT @total_excursion;
SELECT @total_guid;



